Genus,JZLC_04,JZLC_08,JZLC_10,JZLC_15,JZLC_16,JZLC_19,JZLC_21,JZLC_22,JZLC_27,JZLC_30,JZLC_31,JZLC_32,JZLC_36,JZLC_37
Candidatus_Methanomethylophilus,0,0,0,0,0,0,0,0,0,0,0,0,0,0
GGB260,0,0,0,0,0,0,0,0,0,0,0,0,0,0
Methanomassiliicoccus,0,0,0,0,0,0,0,0,0,0,0,0,0,0
Methanomassiliicoccus,0,0,0,0,0,0,0,0,0,0,0,0,0,0
GGB1567,0,0,0,0,0,0,0,0,0,0,0,0,0,0
GGB781,0,0,0,825667,0,0,0,0,0,0,0,186,0,0
GGB519,0,0,0,0,0,0,0,0,0,0,0,0,0,0
Methanobrevibacter,0,0,28700,14573,0,359526,0,0,0,0,0,19805,221153,400801
Methanobrevibacter,0,0,0,0,0,0,0,0,0,0,0,0,0,0
Methanosphaera,0,0,1119,0,0,0,0,0,0,0,0,0,0,0
GGB39918,0,0,0,0,0,0,0,0,0,0,0,0,0,0
Actinobaculum,0,0,0,0,0,0,0,0,0,0,0,0,0,0
Actinomyces,0,0,0,0,163,0,22497,7963,0,0,0,0,776,6076
Actinomyces,0,16111,0,0,0,0,0,0,0,0,8517,0,369,4936
Actinomyces,0,0,0,0,0,0,47855,0,0,0,0,0,41433,0
Actinomyces,0,0,0,0,0,0,0,0,0,0,0,0,229,0
Actinomyces,0,0,0,0,0,0,0,0,0,0,2814,0,0,0
Actinomyces,0,0,0,0,0,0,4470,5998,0,0,1135,0,0,0
Actinomyces,0,0,0,0,0,0,0,0,0,0,933,0,0,0
Actinomyces,0,0,0,0,0,0,0,0,0,2195,0,0,0,0
Actinomyces,0,0,0,0,0,0,8068,0,0,0,8869,1768,76,0
Actinomyces,0,0,0,0,0,0,0,0,0,0,0,1286,0,0
Actinomyces,0,0,0,0,0,0,0,0,0,0,0,0,0,518
Actinomyces,0,0,0,19125,7949,0,0,0,0,0,4784,0,0,0
Actinomyces,0,0,0,0,0,0,204,0,0,0,1365,0,0,65
Actinomyces,0,0,0,0,0,0,1538,0,0,0,0,0,0,0
Actinotignum,0,0,0,0,0,0,0,0,0,0,36512,0,0,0
Mobiluncus,0,0,0,0,0,0,0,0,0,286,0,0,0,0
Peptidiphaga,0,0,0,0,0,0,0,0,0,0,0,0,0,0
Schaalia,0,0,0,0,0,0,216,0,0,0,72969,0,0,0
Trueperella,0,0,0,0,0,0,3224,1799,0,0,1134,0,0,1004
Varibaculum,0,0,0,0,0,0,525,0,0,25812,0,0,0,0
Alloscardovia,0,0,0,0,0,0,0,0,0,5442,0,0,0,174
Bifidobacterium,0,37643,0,0,0,0,0,0,0,0,0,0,0,1546710
Bifidobacterium,0,0,0,0,0,0,0,0,0,0,0,0,0,0
Bifidobacterium,0,3437,0,0,0,0,0,0,0,0,0,0,0,0
Bifidobacterium,0,0,0,0,0,503,0,0,0,0,0,0,212838,2931782
Bifidobacterium,0,8184,190850,0,0,0,0,0,0,0,0,0,0,0
Bifidobacterium,0,0,0,0,0,0,0,0,0,0,0,0,0,0
Bifidobacterium,11404,11160,42836,0,0,0,8544,0,0,0,0,0,0,0
Bifidobacterium,8224,12240,6925,943279,268182,0,573829,24103,0,5605,0,0,60668,0
Bifidobacterium,0,0,0,460101,140459,0,0,0,0,0,0,0,0,0
Bifidobacterium,0,0,0,0,0,0,0,0,0,0,0,0,0,0
Bifidobacterium,0,0,0,0,0,0,0,0,0,0,0,0,0,169555
Bifidobacterium,0,0,0,0,0,0,0,0,0,0,0,0,0,0
Bifidobacterium,0,0,0,0,0,0,0,0,0,0,0,0,0,0
Gardnerella,0,0,3501,0,0,0,0,0,0,0,0,0,0,0
Parascardovia,0,0,1262,0,0,0,0,0,0,0,0,0,0,0
Scardovia,0,0,0,0,0,0,0,0,0,0,0,0,0,0
Scardovia,0,0,13,0,0,0,0,0,0,0,1877,0,0,0
Corynebacterium,0,0,0,0,0,0,1437,0,0,0,0,0,0,0
Lawsonella,0,0,0,0,0,0,2253,0,0,0,0,0,0,0
Lawsonella,0,0,0,0,0,0,0,0,0,0,0,0,0,0
Kytococcus,0,0,0,0,0,0,0,0,0,0,0,0,0,0
GGB33356,0,0,0,0,0,0,0,0,0,0,0,0,0,0
Microbacterium,0,0,0,0,0,0,0,0,0,0,0,0,0,0
Rothia,0,0,0,0,0,0,2548,0,0,5085,20,0,0,0
Rothia,0,0,0,0,0,0,0,835,0,0,0,0,0,0
Isoptericola,0,0,0,0,0,0,2369,0,0,0,3623,760,0,2744
Tropheryma,0,0,0,0,0,0,0,0,0,0,0,0,0,0
Arachnia,0,0,0,0,0,0,0,0,0,0,0,0,0,0
Propionibacterium,0,0,0,0,0,0,0,0,0,0,0,0,0,0
Propionibacterium,0,0,18,0,0,0,0,0,0,0,0,0,0,0
GGB35743,0,0,0,0,0,0,0,0,0,0,0,0,0,0
GGB51960,0,0,0,0,0,0,0,0,0,0,0,0,0,0
GGB18381,0,0,0,0,0,0,0,0,0,0,0,0,0,0
GGB18384,0,0,0,0,0,0,0,0,0,0,0,0,0,0
GGB51959,0,0,0,0,0,0,0,0,0,0,40975,0,0,0
Atopobium,0,0,0,0,0,0,0,0,0,0,447,0,0,0
GGB25442,0,0,0,0,0,0,0,0,0,0,0,0,0,0
GGB25443,0,0,0,0,0,0,0,0,0,0,0,0,0,0
GGB9369,0,0,0,0,0,0,0,0,0,0,0,0,0,0
Lancefieldella,0,0,253,0,0,0,1062,425,0,0,0,0,0,0
Lancefieldella,0,0,0,0,0,0,60,0,0,0,0,0,0,0
Olsenella,0,0,0,0,0,0,0,0,0,0,0,0,0,0
Olsenella,0,0,0,0,0,0,0,0,0,0,0,0,0,0
Olsenella,0,0,0,0,0,0,247,0,0,0,0,0,0,0
Olsenella,0,0,0,0,0,0,0,0,0,0,0,0,0,0
Olsenella,0,0,0,0,0,0,0,0,0,0,0,0,0,0
Olsenella,0,0,0,0,0,0,0,0,0,0,0,0,0,0
Olsenella,0,0,0,0,0,0,0,0,0,0,0,0,0,0
Olsenella,0,0,0,0,0,0,0,0,0,0,0,0,0,0
Olsenella,0,0,0,0,0,0,0,0,0,0,0,0,0,0
Olsenella,0,0,0,0,0,0,361,0,0,0,0,0,0,0
Olsenella,0,0,0,0,0,0,0,0,0,0,0,0,0,0
Olsenella,0,0,0,0,0,0,0,0,0,0,0,0,0,0
Parolsenella,0,0,0,0,0,0,0,0,0,0,0,0,0,0
Collinsella,0,0,0,0,0,0,0,0,0,0,0,0,0,0
Collinsella,0,0,0,47979,0,0,0,0,0,0,0,0,0,0
Collinsella,37589,202377,29491,0,576680,481,2046384,0,96217,721,671979,169268,335536,2074822
Collinsella,0,0,0,0,0,0,0,0,0,0,0,0,38721,0
Collinsella,0,0,0,0,0,0,0,0,0,0,0,0,0,0
Collinsella,0,0,0,0,0,0,0,85342,0,0,0,0,0,0
Collinsella,0,0,157,0,0,0,0,0,0,0,0,0,0,0
Collinsella,0,0,0,0,0,0,0,0,0,0,0,0,0,0
Collinsella,0,0,604,0,0,0,0,601924,0,0,0,0,0,70890
Collinsella,0,0,0,0,0,0,0,0,0,0,0,0,0,0
Collinsella,0,0,0,0,0,0,0,0,0,0,0,0,0,0
Collinsella,0,0,0,0,0,0,0,0,0,0,0,0,0,0
Collinsella,0,0,1801,0,0,0,0,0,0,0,0,0,0,0
Collinsella,0,0,0,0,0,0,0,0,0,0,0,0,0,0
Enorma,0,0,0,0,0,0,0,0,0,0,0,0,0,0
Enorma,0,0,0,0,0,0,0,0,0,0,0,0,0,0
Enorma,0,0,0,0,0,0,0,0,0,0,0,0,0,0
Enorma,0,0,0,0,0,0,0,0,0,0,0,0,0,0
Enorma,0,0,0,0,0,0,0,0,0,0,0,0,0,0
GGB9394,0,0,0,0,0,0,0,0,0,0,0,0,0,0
Senegalimassilia,0,0,0,0,3953,0,0,0,0,0,0,0,42433,0
Senegalimassilia,0,0,0,0,0,0,0,0,0,0,0,0,0,0
Adlercreutzia,0,0,0,0,0,0,0,0,0,0,0,0,0,0
Adlercreutzia,0,0,0,0,0,0,0,0,0,0,0,0,0,0
Adlercreutzia,28960,235934,150,38283,4546,64144,588733,195957,84243,81076,0,35994,2834,184950
Adlercreutzia,0,0,0,0,0,0,0,0,0,0,0,0,0,0
Adlercreutzia,0,0,0,0,0,0,0,0,0,0,0,0,0,0
Cryptobacterium,0,0,0,0,0,0,7,0,0,0,0,0,0,0
Denitrobacterium,0,0,0,0,0,0,0,0,0,0,0,0,0,0
Eggerthella,11964,23172,177823,10070,24829,437517,392914,23815,36079,2078681,762744,39065,6041,278459
Eggerthella,0,0,0,0,0,0,0,0,0,0,0,0,0,0
Eggerthella,0,0,488,0,0,0,0,0,0,0,0,0,0,0
Enteroscipio,0,0,0,0,0,0,0,0,0,0,0,0,0,0
GGB45432,0,0,1611,3145,46605,29081,161345,7801,22073,26661,0,9624,3391,0
GGB9361,0,0,0,0,0,0,0,0,0,0,0,0,0,0
GGB9423,0,0,19080,0,0,0,0,0,0,0,0,0,0,0
GGB9434,0,0,0,0,0,0,0,0,0,0,0,0,0,0
Gordonibacter,0,0,66740,0,0,0,0,12428,13558,0,97936,25840,0,0
Gordonibacter,0,0,0,0,0,0,0,0,0,0,0,0,0,0
Gordonibacter,0,8343,0,1079,0,41767,11544,0,0,56854,0,0,1408,18148
Paraeggerthella,0,0,0,0,0,0,0,0,0,0,0,0,0,0
Phoenicibacter,0,0,0,0,0,0,0,0,0,0,0,0,0,0
Raoultibacter,0,0,0,0,2439,0,0,0,0,0,0,0,605,0
Raoultibacter,0,2692,0,0,0,0,0,0,0,184568,0,0,0,0
Slackia,0,0,0,0,0,0,0,0,0,0,0,0,0,0
Slackia,0,0,0,0,0,0,0,0,0,0,0,0,0,0
Slackia,0,0,0,0,0,0,0,0,0,0,0,0,0,0
Slackia,0,56327,0,0,111434,0,0,0,0,0,0,0,13776,0
Slackia,0,0,9742,0,0,0,0,0,0,0,0,0,9420,0
GGB28898,0,0,0,0,0,0,0,0,0,0,0,0,0,0
Bacteroides,0,0,0,0,0,0,0,0,0,0,0,0,0,0
Bacteroides,0,0,0,0,0,0,0,0,0,0,0,0,0,0
Bacteroides,0,23774,17337,165760,543855,0,1278527,884509,0,0,58160,0,332019,135226
Bacteroides,0,0,0,176513,0,0,0,4629581,0,202007,0,314599,191548,0
Bacteroides,0,0,0,0,0,0,0,0,0,0,0,0,0,0
Bacteroides,0,0,0,0,0,0,0,0,0,0,0,0,0,0
Bacteroides,0,0,0,0,0,0,0,0,0,0,0,0,0,0
Bacteroides,0,260036,41201,0,3257404,0,0,0,0,0,0,0,171335,0
Bacteroides,0,0,0,0,0,0,0,0,0,0,0,0,0,0
Bacteroides,0,0,0,0,0,0,0,186780,460398,0,0,0,81421,0
Bacteroides,0,0,0,282025,12589,0,0,58248,0,16210,0,0,82822,0
Bacteroides,0,0,311,0,0,0,0,0,0,0,0,0,0,0
Bacteroides,0,0,0,0,0,0,373207,0,163318,900311,713715,436266,33586,20749
Bacteroides,0,0,0,0,0,0,0,0,0,0,0,0,0,0
Bacteroides,0,0,439377,0,0,0,0,0,0,0,0,0,0,0
Bacteroides,0,0,0,0,0,0,0,0,0,0,0,0,0,0
Bacteroides,0,0,0,0,0,0,0,0,0,0,0,0,0,0
Bacteroides,0,0,0,0,0,0,0,0,0,0,0,0,0,0
Bacteroides,0,0,0,0,0,0,0,0,0,0,0,0,0,0
Bacteroides,0,27543,0,26114,0,0,0,10495,0,0,0,0,40359,0
Bacteroides,0,0,0,0,0,0,0,0,0,0,0,0,0,0
Bacteroides,0,33061,0,555986,0,159387,1779580,0,40828,228739,0,0,67939,161265
Bacteroides,0,0,173906,0,0,0,0,0,0,0,0,0,0,0
Bacteroides,0,0,0,0,0,0,0,0,0,0,0,0,0,0
Bacteroides,0,0,0,0,0,0,0,0,0,0,0,0,0,0
Bacteroides,0,0,0,0,0,0,0,0,0,0,0,0,0,0
Bacteroides,0,0,0,0,0,0,0,0,0,0,0,0,0,0
Bacteroides,0,0,0,0,0,0,0,0,0,0,0,0,0,0
Bacteroides,0,0,0,0,0,0,0,0,0,0,0,0,0,0
Bacteroides,0,0,0,0,0,0,0,0,0,0,0,0,0,0
Bacteroides,0,0,0,0,0,0,0,0,0,0,0,0,0,0
Bacteroides,0,0,0,0,298291,0,0,441457,1188859,303558,162333,527636,171388,0
Bacteroides,0,7495,8531167,181136,67629,5788145,269119,0,0,168754,331430,0,0,78203
Bacteroides,0,0,0,0,0,0,0,0,0,0,0,0,0,0
Bacteroides,0,0,0,0,0,0,0,0,0,0,0,0,0,0
Bacteroides,0,354267,96344,2735332,3976038,948281,0,651739,4671152,550197,0,1317008,1208493,315612
Bacteroides,2298816,34250,0,204264,205888,0,2690,98000,0,0,25093,103581,28953,0
GGB1116,0,0,0,0,0,0,0,0,0,0,0,0,0,0
GGB1153,0,0,0,0,0,0,0,0,0,0,0,0,0,0
GGB1154,0,0,0,0,0,0,0,0,0,0,0,0,0,0
GGB1355,0,0,0,0,0,0,0,0,0,0,0,0,0,0
GGB1379,0,0,0,0,0,0,0,0,0,0,0,0,0,0
GGB1380,0,0,0,0,0,0,0,0,0,0,0,0,0,0
GGB1387,0,0,0,0,0,0,0,0,0,0,0,0,0,0
GGB1387,0,0,0,0,0,0,0,0,0,0,0,0,0,0
GGB1392,0,0,0,0,0,0,0,0,0,0,0,0,0,0
Mediterranea,0,0,0,0,0,0,0,0,0,0,0,0,0,0
GGB1495,0,0,0,779743,0,0,0,0,0,0,0,0,0,0
GGB1514,0,0,0,0,0,0,0,0,0,0,0,0,0,0
GGB1536,0,0,0,0,0,0,0,0,0,0,0,0,0,0
GGB1538,0,0,0,0,0,0,2545947,0,0,0,0,0,0,0
GGB1543,0,0,0,0,0,0,0,0,0,0,0,0,0,0
GGB1582,0,0,0,0,0,0,0,0,0,0,0,0,0,0
GGB24132,0,0,0,0,0,0,0,0,0,0,0,0,0,0
GGB27885,0,0,0,0,0,0,0,0,0,0,0,0,0,0
Phocaeicola,0,0,0,0,0,0,0,0,0,0,0,0,0,0
Phocaeicola,0,0,0,0,0,0,0,0,0,0,0,0,0,0
Phocaeicola,0,0,0,0,0,0,0,0,0,0,0,0,0,0
Phocaeicola,0,0,0,0,0,0,0,0,0,67193,0,0,0,0
Phocaeicola,0,0,1816,8501,111821,1738639,0,0,0,47028,0,228820,2189,99725
Phocaeicola,0,326660,8719,0,376750,0,0,0,0,0,0,0,136453,0
Phocaeicola,0,0,0,0,168700,0,0,0,0,0,0,0,20125,0
Phocaeicola,0,0,0,0,0,0,0,0,0,0,0,0,0,0
Phocaeicola,0,0,0,0,0,0,0,0,0,0,0,0,0,0
Phocaeicola,8393173,112418,24583,5666442,851272,0,1045199,1935580,2394322,231970,1285363,1831808,1923968,215115
Barnesiella,0,0,3868,0,922792,0,0,667988,784692,0,0,0,497573,0
Barnesiella,0,0,0,0,0,0,0,0,0,0,0,0,0,0
Barnesiella,0,0,0,0,0,0,0,0,0,0,0,0,0,0
Coprobacter,0,0,0,0,0,0,0,0,0,0,0,0,3853,2519
Coprobacter,0,0,0,0,0,0,0,0,0,0,0,0,2508,0
Dysgonomonas,0,0,0,0,0,0,0,0,0,0,0,0,0,0
Duncaniella,0,0,0,0,0,0,0,0,0,0,0,0,0,0
GGB14014,0,0,0,0,0,0,0,0,0,0,0,0,0,0
GGB1511,0,0,0,0,0,0,0,0,0,0,0,0,0,0
Muribaculum,0,0,0,0,0,0,0,0,0,0,0,0,0,0
Muribaculum,0,0,0,0,0,0,0,0,0,0,0,36099,0,0
Muribaculum,0,0,0,0,0,0,0,0,0,0,0,0,0,0
Paramuribaculum,0,0,0,0,0,0,0,0,0,0,0,0,0,0
Butyricimonas,0,0,0,0,0,0,0,0,0,0,0,0,0,0
Butyricimonas,0,0,0,0,3580,0,0,0,0,0,0,0,0,0
Butyricimonas,0,0,0,0,0,0,0,0,0,0,136725,0,0,0
Butyricimonas,0,0,0,0,0,0,0,0,0,0,0,0,5742,0
Butyricimonas,0,0,0,0,0,0,0,0,0,0,0,0,0,0
Butyricimonas,0,0,0,0,0,0,0,0,0,0,0,0,0,0
Butyricimonas,0,0,0,0,145283,0,0,72134,0,0,0,0,12794,14868
Culturomica,0,0,0,0,0,0,0,0,0,0,0,0,0,0
GGB1332,0,0,0,0,0,0,0,0,0,0,0,0,0,0
Odoribacter,0,0,7639173,0,0,0,0,0,0,0,3256,0,0,0
Odoribacter,0,0,0,0,0,0,0,0,0,0,0,0,0,0
Odoribacter,0,0,5581,64124,191867,0,64050,52994,223397,50206,0,99372,91118,10790
Porphyromonas,0,0,0,0,0,0,0,0,0,0,0,0,0,0
Porphyromonas,0,0,0,0,0,0,0,0,0,2057,0,0,0,0
Porphyromonas,0,0,0,0,0,10194,0,0,0,11463,0,0,0,0
Porphyromonas,0,0,0,0,0,0,0,0,0,0,0,0,0,0
Porphyromonas,0,0,0,0,0,0,0,0,0,0,0,0,0,0
Porphyromonas,0,0,0,0,0,0,0,0,0,0,0,0,0,0
Sanguibacteroides,0,0,0,0,0,0,0,0,0,0,0,0,0,0
Alloprevotella,0,0,0,0,0,0,0,0,0,0,0,0,0,0
Alloprevotella,0,0,0,0,0,0,0,0,0,0,0,0,0,0
GGB1215,0,0,0,0,0,94,0,0,0,0,0,0,0,0
GGB1219,0,0,0,0,0,0,0,0,0,0,0,0,0,0
GGB1219,0,0,0,0,0,0,0,0,0,0,0,0,0,0
GGB1221,0,0,0,0,0,0,0,0,0,0,0,0,0,0
GGB1222,0,0,0,0,0,0,0,0,0,0,0,0,0,0
GGB1223,0,0,0,0,0,0,0,0,0,0,0,0,0,0
GGB1223,0,0,0,0,0,0,0,0,0,0,0,0,0,0
GGB1223,0,0,0,0,0,0,0,0,0,0,0,0,0,0
GGB1227,0,0,0,0,0,0,0,0,0,0,0,0,0,0
GGB1229,0,0,0,0,0,0,0,0,0,0,0,0,0,0
GGB1235,0,0,0,0,0,0,0,0,0,0,0,0,0,0
GGB1237,0,0,0,0,0,0,0,0,0,0,0,0,0,0
GGB1239,0,0,0,0,0,0,0,0,0,0,0,0,0,0
GGB1243,0,0,0,0,0,0,0,0,0,0,0,0,0,0
GGB1244,0,0,0,0,0,0,0,0,0,0,0,0,0,0
GGB1246,0,0,0,0,0,0,0,0,0,0,0,0,0,0
GGB1247,0,0,0,0,0,0,0,0,0,0,0,0,0,0
GGB1249,0,0,0,0,0,0,0,0,0,0,0,0,0,0
GGB1250,0,0,0,0,0,0,0,0,0,0,0,0,0,0
GGB1250,0,0,0,0,0,0,0,0,0,0,0,0,0,0
GGB1256,0,0,0,0,0,0,0,0,0,0,0,0,0,0
GGB1260,0,0,0,0,0,0,0,0,0,0,0,0,0,0
GGB1264,0,0,0,0,0,0,0,0,0,0,0,0,0,0
GGB1266,0,0,694,0,0,0,0,0,0,0,0,83679,24142,0
GGB1269,0,0,0,0,0,0,0,0,0,0,0,0,0,0
GGB1270,0,0,0,0,0,0,0,0,0,0,0,0,0,0
GGB1277,0,0,0,0,0,0,0,0,0,0,0,0,0,0
GGB12964,0,0,0,0,0,0,0,0,0,0,0,0,0,0
GGB1339,0,0,0,0,0,0,0,0,0,0,0,0,0,0
GGB1341,0,0,0,0,0,0,0,0,0,0,0,0,0,0
GGB18559,0,0,0,0,0,0,0,0,0,0,0,0,0,0
Paraprevotella,0,0,345,871051,112258,0,0,0,0,0,0,0,18924,0
Paraprevotella,0,0,0,0,0,0,0,0,0,0,0,0,0,0
Prevotella,0,0,0,0,0,0,0,0,0,0,0,0,0,0
Prevotella,0,0,0,0,0,0,0,0,0,0,0,0,0,0
Prevotella,0,0,0,0,0,0,0,0,0,0,0,0,0,0
Prevotella,0,0,0,0,0,0,0,0,0,0,0,0,0,0
Prevotella,0,0,0,0,0,0,0,0,0,0,0,0,0,0
Prevotella,0,0,0,0,0,0,0,0,0,0,0,0,0,0
Prevotella,0,0,0,0,0,0,0,0,0,0,0,0,0,0
Prevotella,0,0,0,0,0,173,2328,0,0,0,0,0,0,0
Prevotella,0,0,0,0,0,0,0,0,0,0,0,0,0,0
Prevotella,0,283,0,0,0,0,0,0,0,0,0,0,0,0
Prevotella,0,0,0,0,0,0,0,0,0,0,0,0,0,0
Prevotella,0,0,6184,0,0,0,0,0,0,0,0,0,2551,0
Prevotella,0,0,0,0,0,0,0,0,0,0,0,0,0,0
Prevotella,0,0,0,0,0,0,0,0,0,0,0,0,0,0
Prevotella,0,0,0,0,0,0,0,0,0,0,0,0,0,0
Prevotella,0,0,0,0,0,0,20939,0,0,0,0,0,1502,0
Prevotella,0,0,0,0,0,0,0,0,0,0,0,0,0,0
Prevotella,0,0,0,0,0,0,0,0,0,0,0,0,0,0
Prevotella,0,0,0,0,0,0,799,0,0,0,0,0,0,0
Prevotella,0,0,0,0,0,0,0,0,0,0,0,0,0,0
Prevotella,0,0,0,0,0,0,0,0,0,0,0,0,0,0
Prevotella,0,0,0,0,0,0,0,0,0,0,0,0,0,0
Prevotella,0,0,0,0,0,0,0,0,0,0,0,0,0,0
Prevotella,0,0,0,0,0,0,0,0,0,0,0,0,0,0
Prevotella,0,0,0,0,0,0,0,0,0,0,0,0,0,0
Prevotella,0,0,0,0,0,0,0,0,0,0,0,0,63086,0
Prevotella,0,0,0,0,0,0,0,0,0,0,0,0,0,0
Prevotella,0,0,0,0,0,0,0,0,0,0,0,0,0,0
Prevotella,0,0,0,0,0,0,0,0,0,0,0,0,0,0
Prevotella,0,0,0,0,0,0,0,0,0,0,0,0,0,0
Prevotella,0,0,0,0,0,0,0,0,0,0,0,0,0,0
Prevotella,0,0,0,0,0,0,0,0,0,0,0,0,0,0
Prevotella,0,0,0,0,0,0,0,0,0,0,0,0,0,0
Prevotella,0,0,0,0,0,0,0,0,0,0,0,0,0,0
Prevotella,0,0,0,0,0,0,0,0,0,0,0,0,0,0
Prevotella,0,0,0,0,0,0,0,0,0,0,0,0,0,0
Prevotella,0,0,0,0,0,0,0,0,0,0,0,0,0,0
Prevotella,0,0,0,0,0,5720,0,0,0,0,0,0,0,0
Prevotellamassilia,0,0,0,0,0,0,0,0,0,0,0,0,0,0
Alistipes,0,0,0,0,0,0,0,0,0,0,0,0,0,0
Alistipes,0,0,0,0,0,0,0,0,0,0,0,0,0,0
Alistipes,0,0,0,0,0,0,0,0,0,0,0,0,0,0
Alistipes,31773,0,17005,42788,164770,0,0,0,43478,0,0,0,78818,0
Alistipes,0,0,254,0,0,0,0,0,0,0,0,0,0,0
Alistipes,1239607,105092,3403,12633,0,728669,0,253025,0,168561,0,537313,135481,0
Alistipes,0,0,3871,0,0,0,0,0,9674,0,129079,14310,228255,0
Alistipes,0,0,0,0,33801,0,0,0,0,0,0,0,194240,878
Alistipes,0,0,772,0,0,0,0,0,0,0,0,0,0,0
Alistipes,0,0,0,0,0,0,0,0,0,0,0,0,0,0
Alistipes,940103,300771,1927,145,0,21034860,4625880,0,0,248355,1096703,415233,287175,605963
Alistipes,0,0,0,0,0,0,0,0,0,0,0,0,0,0
Alistipes,889599,582939,6870,0,1048144,0,947374,0,990487,887972,6243,370272,251779,305135
Alistipes,0,0,0,4767,58848,110802,34450,0,0,0,0,0,81543,38142
Alistipes,0,0,10738,214939,514185,418529,0,140575,363475,160705,5245,0,211358,340974
Alistipes,0,0,0,0,14916,0,0,0,0,0,0,0,18016,0
Alistipes,0,0,166349,0,0,0,0,0,0,0,0,0,0,0
Alistipes,0,0,0,0,0,0,0,0,0,0,0,0,0,0
Alistipes,0,0,0,0,0,0,0,0,0,0,0,0,0,0
Alistipes,0,0,259,0,0,0,0,0,0,0,0,0,0,0
GGB1617,0,0,0,0,0,0,0,0,0,0,0,0,0,0
GGB1620,0,0,0,0,0,0,0,0,0,0,0,0,0,0
GGB1621,0,0,0,0,0,0,0,0,0,0,0,0,0,0
GGB1629,0,0,0,0,0,0,0,0,0,0,0,0,0,0
GGB1631,0,0,0,0,0,0,0,0,0,0,0,0,0,0
GGB1632,0,0,0,0,0,0,0,0,0,0,0,0,0,0
GGB1671,0,0,0,0,0,0,0,0,0,0,0,0,0,0
GGB1680,0,0,0,0,0,0,0,0,0,0,0,0,0,0
GGB1681,0,0,0,0,0,0,0,0,0,0,0,0,0,0
GGB1689,0,0,5230,0,0,0,0,0,0,0,0,0,0,0
GGB1691,0,0,0,0,0,0,0,0,0,0,0,0,0,0
GGB27774,0,0,0,0,0,0,0,0,0,0,0,0,0,0
GGB27776,0,0,0,0,0,0,0,0,0,0,0,0,0,0
Millionella,0,0,0,0,0,0,0,0,0,0,0,0,0,0
Rikenella,0,0,0,0,0,0,0,0,0,0,0,0,0,0
GGB1407,0,0,0,0,0,0,0,0,0,0,0,0,0,0
GGB1407,0,0,0,0,0,0,0,0,0,0,0,0,0,0
GGB1408,0,0,0,0,0,0,0,0,0,0,0,0,0,0
Parabacteroides,0,0,0,0,0,0,0,0,0,0,0,0,0,0
Parabacteroides,0,0,0,0,0,0,0,0,0,0,0,0,55336,0
Parabacteroides,0,0,0,0,0,0,0,0,0,0,0,0,0,0
Parabacteroides,0,39294,27526,350557,381691,33084,179734,2118387,426687,386826,438280,225005,526287,68971
Parabacteroides,0,0,0,0,0,0,0,0,0,0,0,0,0,0
Parabacteroides,0,0,6994,0,0,1125103,0,0,0,1913273,0,0,371175,27119
Parabacteroides,0,0,0,0,0,0,0,0,0,0,0,0,0,0
Parabacteroides,0,0,0,0,0,0,0,0,0,0,0,0,0,0
Parabacteroides,0,0,0,0,0,0,0,0,0,0,0,0,0,0
Parabacteroides,0,140700,21006,723765,202626,5495,0,222493,119691,403327,614269,201366,161456,294366
Parabacteroides,0,0,0,0,0,0,0,0,0,0,0,0,0,0
Parabacteroides,0,0,0,67,0,0,0,138503,0,0,0,0,0,0
GGB58233,0,0,711,0,672,0,4441,0,1565,0,1040,0,51,0
GGB46145,0,0,0,0,0,0,0,0,0,0,0,0,0,0
GGB11117,0,0,0,0,0,0,0,0,0,0,0,0,0,0
GGB13016,0,0,0,0,0,0,0,0,0,0,0,0,0,0
GGB13020,0,0,0,0,0,0,0,0,0,0,0,0,0,0
GGB1102,0,0,0,0,3267,0,0,0,0,0,0,0,0,0
GGB1109,0,0,0,0,0,0,0,0,0,0,0,0,0,0
GGB1110,0,0,0,0,0,0,0,0,0,0,0,0,0,0
GGB1123,0,0,0,0,0,0,0,0,0,0,0,0,0,0
GGB1420,0,0,2482,0,0,0,0,0,0,0,0,0,0,0
GGB1421,0,0,0,0,0,0,0,0,0,0,0,0,0,0
GGB1421,0,0,0,0,0,0,0,0,0,0,0,0,0,0
GGB1455,0,0,0,0,0,0,0,0,0,0,0,0,0,0
GGB1456,0,0,0,0,0,0,0,0,0,0,0,0,0,0
GGB27849,0,0,0,0,0,0,0,0,0,0,0,0,0,0
GGB1669,0,0,0,0,0,0,0,0,0,0,0,0,0,0
GGB27697,0,0,0,0,0,0,0,0,0,0,0,968,0,0
GGB24019,0,0,0,0,0,0,0,0,0,0,0,0,0,0
GGB48468,0,0,0,0,0,0,0,0,0,0,0,0,0,0
GGB5975,0,0,0,0,0,0,0,0,0,0,0,0,0,0
GGB1662,0,0,0,0,0,0,0,0,0,0,0,0,45453,0
GGB5980,0,0,0,0,0,0,0,0,2848,0,0,0,0,0
GGB5997,0,0,0,0,0,0,0,0,0,0,0,0,0,0
GGB5998,0,0,0,0,0,0,0,0,0,0,0,0,0,0
GGB6007,0,0,0,0,0,0,0,0,0,0,0,0,13457,0
GGB6007,0,0,0,0,0,0,0,0,0,0,0,0,0,0
GGB6009,0,0,0,0,0,0,0,0,0,0,0,0,0,0
GGB6010,0,0,0,0,0,0,0,0,0,0,0,0,0,0
GGB6012,0,0,0,0,0,0,0,0,0,0,0,0,0,0
GGB6015,0,0,0,0,0,0,0,0,0,0,0,0,0,0
GGB6016,0,0,0,0,0,0,0,0,0,0,0,0,0,0
GGB6021,0,0,0,0,0,0,0,0,0,0,0,0,0,0
GGB12788,0,0,0,0,0,0,0,0,0,0,0,0,0,0
GGB12790,0,0,0,0,0,0,0,0,0,0,0,0,0,0
GGB12790,0,0,0,0,0,0,0,0,0,0,0,0,0,0
Candidatus_Nanoperiomorbus,0,0,0,0,0,0,0,0,0,0,0,0,0,0
Candidatus_Nanogingivalis,0,0,0,0,0,0,0,0,0,0,0,0,0,0
GGB12785,0,0,0,0,0,0,0,0,0,0,0,0,0,0
GGB12785,0,0,0,0,0,0,0,0,0,0,0,0,0,0
GGB12796,0,0,0,0,0,0,0,0,0,0,0,0,0,0
Candidatus_Nanosynbacter,0,0,0,0,0,0,0,0,0,0,0,0,0,0
Candidatus_Nanosynsacchari,0,0,0,0,0,0,407,0,0,0,0,0,443,0
Mucispirillum,0,0,0,0,0,0,0,0,0,0,0,0,0,0
Elusimicrobium,0,0,0,0,0,0,0,0,0,0,0,0,0,0
GGB12693,0,0,0,0,0,0,0,0,0,0,0,0,0,0
Bacillus,0,0,0,0,0,0,0,0,0,0,0,0,0,0
Bacillus,0,0,0,0,0,0,0,0,0,0,0,0,0,0
Gemella,0,0,0,0,0,0,0,0,0,0,0,0,0,0
Gemella,0,0,0,0,0,0,0,0,0,0,0,0,0,0
Staphylococcus,0,0,0,0,0,0,0,0,0,0,0,0,0,0
Staphylococcus,0,0,0,0,0,0,0,0,0,0,0,0,0,0
Staphylococcus,0,0,0,0,0,0,0,0,0,0,0,0,0,0
GGB4616,0,0,0,0,0,0,0,0,0,0,0,0,0,0
GGB4638,0,0,0,0,0,0,0,0,0,0,0,0,0,0
GGB4640,0,0,0,0,0,0,0,0,0,0,0,0,0,0
GGB4641,0,0,0,0,0,0,0,0,0,0,0,0,0,0
GGB4651,0,0,0,0,0,0,0,0,0,0,0,0,0,0
GGB4652,0,0,0,0,0,0,0,0,0,0,0,0,0,0
GGB4661,0,0,0,0,0,0,0,0,0,0,0,0,0,0
GGB4667,0,0,0,0,0,0,0,0,0,0,0,0,0,0
GGB4669,0,0,5841,0,0,0,0,0,0,0,0,0,0,0
GGB4671,0,0,0,0,0,0,0,0,0,0,0,0,0,0
GGB4672,0,0,0,0,0,0,0,0,0,0,0,0,0,0
GGB4676,0,0,0,0,0,0,0,0,0,0,0,0,0,0
GGB4686,0,0,0,0,0,0,0,0,0,0,0,0,0,0
GGB4687,0,0,0,0,0,0,0,0,0,0,0,0,0,0
GGB4698,0,0,0,0,0,0,0,0,0,0,0,0,0,0
GGB4700,0,0,0,0,0,0,0,0,0,0,0,0,0,0
GGB4702,0,0,0,0,0,0,0,0,0,0,0,0,0,0
GGB4710,0,0,0,0,0,0,0,0,0,0,0,0,0,0
GGB4711,0,0,0,0,0,0,0,0,0,0,0,0,0,0
GGB4713,0,0,0,0,0,0,0,0,0,0,0,0,0,0
GGB4739,0,0,0,0,0,0,0,0,0,0,0,0,0,0
GGB4750,0,0,0,0,0,0,0,0,0,0,0,0,0,0
GGB4773,0,0,0,0,0,0,0,0,0,0,0,0,0,0
GGB4780,0,0,0,0,0,0,0,0,0,0,0,0,0,0
Abiotrophia,0,0,0,0,0,0,0,0,0,0,0,0,0,0
Facklamia,0,0,0,0,0,0,0,0,0,0,0,0,0,0
Carnobacterium,0,0,0,0,0,0,0,0,0,0,0,0,0,0
Granulicatella,0,0,0,0,0,0,0,0,0,0,0,0,0,0
Enterococcus,0,0,0,0,0,0,0,0,0,0,0,0,0,0
Enterococcus,0,0,0,0,0,0,0,0,0,0,0,0,0,0
Enterococcus,0,0,0,0,0,0,0,0,0,0,0,0,0,0
Enterococcus,0,0,0,0,0,0,0,0,0,0,0,0,0,0
Enterococcus,0,0,0,0,0,0,0,0,0,0,0,0,0,0
Enterococcus,0,0,0,0,0,0,0,0,0,0,0,0,0,0
Enterococcus,0,0,0,0,0,0,0,0,0,0,0,0,0,0
Enterococcus,0,0,0,0,0,0,0,0,0,0,0,0,0,0
Enterococcus,0,0,0,0,0,0,0,0,0,0,0,0,0,0
Enterococcus,0,0,0,0,0,0,0,0,0,0,0,0,0,0
Enterococcus,0,0,0,0,0,0,0,0,0,0,0,0,0,0
Enterococcus,0,0,0,0,0,0,0,0,0,0,0,0,0,0
GGB33516,0,0,3546,0,0,0,0,0,0,0,0,0,0,0
Vagococcus,0,0,0,0,0,0,0,0,0,0,0,0,0,0
Companilactobacillus,0,0,0,0,0,0,0,0,0,0,0,0,0,0
Fructilactobacillus,0,0,0,0,0,0,0,0,0,0,0,0,0,0
Lacticaseibacillus,0,0,0,0,0,0,0,0,0,0,0,0,0,0
Lacticaseibacillus,0,0,0,0,0,0,0,0,0,0,0,0,0,0
Lacticaseibacillus,0,0,1498,0,0,0,0,0,0,20181,0,0,0,0
Lacticaseibacillus,0,0,0,0,0,0,0,0,0,0,0,0,0,0
Lactiplantibacillus,0,0,0,0,0,0,0,0,0,0,0,0,0,0
Lactobacillus,0,0,0,0,0,0,0,0,0,0,0,0,0,0
Lactobacillus,0,0,2353,0,0,0,0,0,78,0,0,0,0,0
Lactobacillus,0,0,0,0,0,0,0,0,0,0,0,0,0,0
Lactobacillus,0,0,32897,0,0,0,0,0,0,0,0,87,0,0
Lactobacillus,0,0,0,0,0,0,0,0,0,0,0,0,0,0
Lactobacillus,0,0,0,0,0,0,0,0,0,0,0,0,0,0
Latilactobacillus,0,0,0,0,0,0,0,0,0,0,0,0,0,0
Latilactobacillus,0,0,0,0,0,0,0,0,0,0,0,0,0,0
Latilactobacillus,0,0,0,0,0,0,0,0,0,0,0,0,0,0
Lentilactobacillus,0,0,0,0,0,0,0,0,0,0,0,0,0,0
Levilactobacillus,0,0,0,0,0,0,0,0,0,0,0,0,0,0
Ligilactobacillus,0,0,0,0,0,0,0,0,0,0,359198,0,0,0
Ligilactobacillus,0,0,0,0,0,0,0,0,0,0,0,0,0,0
Ligilactobacillus,0,0,7808,0,0,0,0,0,0,0,0,0,0,0
Limosilactobacillus,0,0,728,0,0,0,0,0,0,0,0,0,0,0
Limosilactobacillus,0,0,0,0,0,0,0,0,0,0,0,0,0,0
Limosilactobacillus,0,0,0,0,0,0,0,0,0,0,0,0,0,0
Limosilactobacillus,0,0,0,0,0,0,0,0,0,0,0,0,0,0
Limosilactobacillus,0,0,1099,0,0,0,0,0,0,0,0,0,0,0
Limosilactobacillus,0,0,1330,0,0,0,0,0,0,4221,0,0,0,0
Limosilactobacillus,0,0,0,0,0,0,0,0,0,0,0,0,0,0
Limosilactobacillus,0,0,78220,0,0,0,0,0,0,0,0,0,0,0
Pediococcus,0,0,0,0,0,0,0,0,0,0,0,0,0,0
Pediococcus,0,0,0,0,0,0,0,0,0,0,0,0,0,0
Sharpea,0,0,0,0,0,0,0,0,0,0,0,0,0,0
Leuconostoc,0,0,0,0,0,0,0,0,0,0,0,0,0,0
Leuconostoc,0,0,0,0,0,0,0,0,0,0,0,0,0,0
Leuconostoc,0,0,0,0,0,0,0,0,0,0,0,0,0,0
Leuconostoc,0,0,0,0,0,0,0,0,0,0,0,0,0,0
Leuconostoc,0,0,0,0,0,0,0,0,0,0,0,0,0,0
Leuconostoc,0,0,0,0,0,0,0,0,0,0,0,0,0,0
Weissella,0,0,0,0,0,0,0,0,0,0,0,0,0,0
Weissella,0,0,0,0,0,0,0,0,0,0,0,0,0,0
Lactococcus,0,0,0,0,0,0,0,0,0,0,0,0,0,0
Lactococcus,0,0,0,0,0,0,23173,0,687,0,0,0,11117,61988
Lactococcus,0,0,0,0,0,0,0,0,0,0,0,0,0,0
Lactococcus,0,0,0,0,0,0,0,0,0,0,17739,0,0,0
Lactococcus,0,0,0,0,0,0,0,0,0,0,0,0,0,0
Lactococcus,0,0,0,0,0,0,0,0,0,0,0,0,0,0
Streptococcus,0,0,0,0,0,0,0,0,0,0,0,0,0,0
Streptococcus,0,0,33,0,0,0,26233,0,0,0,2489,0,1068,0
Streptococcus,0,0,0,0,0,0,606,0,0,0,0,0,0,0
Streptococcus,0,0,0,0,0,0,0,0,0,0,0,0,0,0
Streptococcus,0,0,0,0,0,0,0,0,0,0,0,0,0,0
Streptococcus,0,0,0,0,0,0,0,0,0,0,0,0,0,0
Streptococcus,0,0,0,0,0,0,5441,0,0,0,0,0,0,0
Streptococcus,0,0,0,0,0,0,203,0,0,0,806,0,0,0
Streptococcus,883376,0,305085,0,0,0,0,0,0,0,0,0,0,0
Streptococcus,0,0,0,0,0,0,0,0,0,0,0,0,0,0
Streptococcus,0,0,0,0,0,0,0,4150,0,0,0,0,0,0
Streptococcus,0,0,3868,0,0,0,880,0,59,0,0,0,0,5514
Streptococcus,0,0,0,0,0,0,0,0,0,0,0,0,0,0
Streptococcus,1315,0,468,0,2219,0,73942,23757,0,790,9126,3523,437,911
Streptococcus,0,0,0,0,0,0,0,0,0,0,0,0,0,0
Streptococcus,0,1754,0,20356,11393,0,314560,3677,0,0,51723,479,1500,22701
Streptococcus,0,0,0,588,0,0,367,0,0,0,0,0,0,0
Streptococcus,0,0,0,0,0,0,0,0,0,0,0,0,0,0
Streptococcus,0,0,0,0,0,0,0,0,0,0,0,0,0,0
Streptococcus,0,0,0,1300,0,0,0,0,0,612,6034,0,0,0
Streptococcus,0,0,0,0,0,0,0,0,0,0,0,0,0,0
Streptococcus,44035,0,735,356,0,0,16623,44039,1343,0,3914,865,3947,151923
GGB32463,0,0,0,0,4724,0,0,6725,0,2831,0,0,0,0
GGB33432,0,0,0,0,0,0,0,0,0,0,0,0,0,0
GGB33657,0,0,0,0,0,0,0,0,0,0,0,0,0,0
GGB33665,0,0,0,0,0,0,0,0,0,0,0,0,0,0
GGB34228,0,0,0,0,0,0,0,0,0,0,0,0,0,0
GGB34476,0,0,0,0,0,0,0,0,0,0,0,0,0,0
GGB2945,0,0,0,0,0,0,0,0,0,0,0,0,0,0
GGB2982,0,0,1069,0,1474,0,0,0,9578,0,0,7139,495,0
GGB2983,0,0,258,0,0,0,0,0,0,0,0,0,0,0
GGB35068,0,0,0,0,0,0,0,0,0,0,0,0,0,0
GGB35456,0,0,0,0,0,0,0,0,0,0,0,0,0,0
GGB35551,0,0,0,0,0,0,0,0,0,0,0,0,0,0
GGB3095,0,0,0,0,0,0,0,0,0,0,0,0,0,0
GGB36331,0,0,0,0,0,0,0,0,0,0,0,0,0,0
GGB36472,0,0,0,0,0,0,0,0,0,49369,0,0,0,0
GGB3118,0,0,0,0,0,0,0,0,0,0,0,0,0,0
GGB3123,0,0,0,0,0,20058,0,0,0,0,0,0,0,0
GGB3256,0,188201,73207,0,0,0,0,0,0,147,0,0,15175,0
GGB3385,0,0,0,0,0,0,0,0,0,0,0,0,0,0
GGB38987,0,0,0,0,0,0,0,0,0,0,0,0,0,0
GGB38987,0,0,0,4845,0,0,0,0,0,0,0,0,0,0
GGB3490,0,0,0,0,0,0,0,0,0,0,0,0,0,0
GGB3491,0,0,0,0,0,0,0,0,0,0,0,0,0,0
GGB3510,0,0,2241,0,0,0,0,0,0,1521,0,0,562,0
GGB3654,0,0,0,0,0,0,0,0,0,0,0,0,0,0
GGB3717,0,0,0,0,0,0,0,0,0,0,0,0,0,0
GGB3892,0,0,0,0,0,0,0,0,0,0,0,0,0,0
GGB4197,0,0,0,0,0,0,0,0,0,0,0,0,0,0
GGB49418,0,0,0,0,0,0,0,0,0,0,0,0,0,0
GGB4751,0,0,0,0,0,0,0,0,0,0,0,0,0,0
GGB4768,0,0,0,0,0,0,0,0,0,0,0,0,0,0
GGB4769,0,0,0,0,0,0,0,0,0,0,0,0,0,0
GGB4964,0,0,0,0,0,0,0,0,0,0,0,0,0,0
GGB48169,0,0,0,0,0,0,0,0,0,0,0,0,0,0
GGB42184,0,0,1064,0,0,0,0,0,0,0,0,0,0,0
GGB45620,0,0,0,0,0,0,0,0,0,0,0,0,0,0
GGB45597,0,0,0,4380,0,0,0,0,0,0,0,0,0,0
GGB8965,0,0,0,0,0,0,0,0,0,0,0,0,0,0
GGB9045,0,0,0,0,0,0,0,0,0,0,0,0,0,0
GGB9054,0,0,0,0,0,0,0,0,0,0,0,0,0,0
GGB9186,0,0,0,0,0,0,0,0,0,0,0,0,2794,0
GGB9209,0,0,0,0,0,0,0,0,0,0,0,0,0,0
GGB9237,0,0,935,0,0,7051,0,0,0,0,0,5505,0,0
GGB9291,0,0,75,0,0,0,0,0,0,0,0,0,0,0
GGB9478,0,0,0,0,0,0,0,0,0,0,0,0,0,0
GGB9523,0,0,0,0,0,0,0,0,0,0,76713,0,0,620
GGB9524,0,0,846,0,0,0,0,7296,0,0,0,0,0,0
GGB9524,0,0,0,0,0,0,0,0,0,0,0,7455,0,0
GGB9557,0,0,0,0,84,0,246,1969,0,0,20,283,0,0
GGB9559,0,0,0,0,0,0,0,0,0,0,0,0,0,0
GGB9559,0,0,0,0,0,0,0,0,0,0,0,995,0,0
GGB9560,0,0,0,0,0,0,0,0,0,0,0,0,0,0
GGB9561,0,0,0,0,0,0,0,0,0,0,0,0,0,0
GGB9581,0,1601,3283,0,487,0,638,732,4711,0,4870,10872,0,0
GGB9581,12017,0,0,0,0,0,0,0,0,0,0,0,0,0
GGB759,0,0,0,0,0,0,0,0,0,0,0,0,0,0
GGB58071,0,0,0,0,0,0,0,0,0,0,0,0,0,0
GGB42674,0,0,0,0,0,0,0,0,0,0,0,0,0,0
GGB42689,0,0,0,0,0,0,0,0,0,0,0,0,0,0
GGB58158,0,339,1501,0,0,0,0,0,2163,0,0,0,492,0
GGB42389,0,331,0,0,0,0,0,0,0,0,0,0,0,0
GGB45491,0,0,331,0,0,809,0,249,0,0,0,1001,7908,0
GGB45537,0,0,0,0,0,0,0,0,0,0,0,0,0,0
GGB51510,0,0,0,0,0,0,0,0,0,0,0,0,0,0
GGB51441,0,0,0,0,0,0,0,0,0,0,0,4172,0,0
GGB48540,0,0,0,0,0,0,0,0,0,0,0,0,0,0
GGB55957,0,0,0,0,0,0,0,0,0,0,0,0,0,0
GGB25177,0,0,0,0,0,0,0,0,0,0,0,0,0,0
GGB25267,0,0,0,0,0,0,0,0,0,0,0,0,0,0
GGB25458,0,0,0,0,0,0,0,0,0,0,0,0,0,0
GGB26772,0,0,0,0,0,0,0,0,0,0,0,0,0,0
GGB52306,0,0,0,0,0,0,0,0,0,0,0,0,0,0
GGB42711,0,0,0,0,0,0,0,0,0,0,0,0,0,0
GGB45461,0,0,0,0,0,0,0,0,0,0,0,0,0,0
GGB45495,0,0,2968,0,0,4751,0,0,0,0,3301,296,401,0
GGB45540,0,0,0,0,0,0,0,0,0,0,0,0,0,0
GGB45509,0,0,0,0,0,0,0,0,0,0,0,0,0,0
GGB45600,0,0,0,0,0,0,0,0,0,0,0,0,0,0
GGB45599,0,0,0,128,0,0,0,0,0,0,0,0,0,0
GGB29535,0,0,0,0,0,0,0,0,0,0,0,0,0,0
GGB29668,0,0,703,0,0,0,0,0,0,0,0,0,0,0
Candidatus_Borkfalkia,0,0,0,0,0,281081,0,0,0,0,0,0,15166,0
Candidatus_Alangreenwoodia,0,0,0,0,0,0,0,0,0,0,0,0,0,0
Candidatus_Allobutyricicoccus,0,0,0,0,0,0,0,0,0,0,0,0,1082,0
Candidatus_Allochristensenella,0,0,0,0,0,0,0,0,0,1807,0,0,0,0
Candidatus_Alloruminococcus,0,0,0,0,0,0,0,0,0,0,0,0,0,0
Candidatus_Alloscillospira,0,0,23,0,0,0,0,0,0,0,0,0,0,91
Candidatus_Aristotella,0,0,0,0,0,0,0,0,0,0,0,0,0,0
Candidatus_Avimicrobium,0,0,0,21785,3505,1061,0,3488,15587,6819,781,12639,0,0
Candidatus_Avimicrobium,0,0,0,0,0,0,0,0,0,0,0,0,0,0
Candidatus_Avimonas,0,0,0,0,0,0,0,0,0,0,0,0,0,0
Candidatus_Avimonas,0,0,0,0,0,0,0,0,1401,7741,2821,3151,6641,0
Candidatus_Avispirillum,0,0,0,0,0,0,0,0,0,0,0,0,224,0
Candidatus_Cryptoclostridium,0,0,0,0,0,0,0,0,0,0,0,0,0,0
Candidatus_Flemingibacterium,0,0,0,0,0,0,0,0,0,0,0,0,0,0
Candidatus_Gallimonas,0,0,0,0,0,0,0,0,0,0,0,0,0,0
Candidatus_Gallimonas,0,0,0,0,0,0,0,0,0,0,0,0,0,0
Candidatus_Gallimonas,0,0,0,0,0,0,0,0,0,0,0,0,0,0
Candidatus_Gallimonas,0,0,0,0,0,0,0,0,0,0,0,0,0,0
Candidatus_Gallimonas,0,0,0,0,0,0,0,0,0,0,0,0,0,0
Candidatus_Gallimonas,0,0,0,0,0,0,0,0,0,0,0,0,0,0
Candidatus_Gallispira,0,0,0,0,0,0,0,0,0,0,0,0,0,0
Candidatus_Geddesella,0,0,0,0,0,4426,0,0,0,0,0,0,1183,0
Candidatus_Heritagella,0,0,0,0,0,0,0,0,0,0,0,0,0,0
Candidatus_Heritagella,0,0,0,0,0,0,0,0,0,0,0,0,0,0
Candidatus_Heteroclostridium,0,0,0,0,0,0,0,0,0,0,0,0,0,0
Candidatus_Heteroruminococcus,0,0,0,0,0,0,0,0,0,0,0,0,0,0
Candidatus_Heteroscilispira,0,0,0,0,0,0,0,0,0,0,0,0,0,0
Candidatus_Howiella,0,0,0,0,0,0,0,0,0,0,0,0,0,0
Candidatus_Metalachnospira,0,0,0,0,0,0,0,0,0,0,0,0,0,0
Candidatus_Metaruminococcus,0,0,0,0,0,0,0,0,0,0,0,900,0,0
Candidatus_Metaruminococcus,0,0,0,0,0,0,0,0,0,0,0,0,0,0
Candidatus_Neoanaerotignum,0,0,0,0,0,0,0,0,0,0,0,0,0,0
Candidatus_Neoanaerotignum,0,0,0,0,0,0,0,0,0,0,0,0,0,0
Candidatus_Neochristensenella,0,0,0,0,0,0,0,0,0,0,0,0,0,0
Candidatus_Neoclostridium,0,0,0,0,0,0,0,0,0,0,0,0,0,0
Candidatus_Neoruminococcus,0,0,0,0,0,0,0,0,0,0,0,0,0,0
Candidatus_Parachristensenella,0,0,8382,0,0,0,0,0,0,0,2019,0,0,0
Candidatus_Paralachnospira,0,0,0,0,0,0,0,0,0,0,0,0,0,0
Candidatus_Paralachnospira,0,0,0,0,0,0,0,0,0,0,0,0,0,0
Candidatus_Paralachnospira,0,0,0,0,0,0,0,0,0,0,0,0,0,0
Candidatus_Pararuminococcus,0,4893,252,0,1584,0,0,0,1133,0,0,1383,1753,12991
Candidatus_Protoclostridium,0,0,0,0,0,0,0,0,0,0,0,0,0,0
Candidatus_Pseudobutyricicoccus,0,0,0,0,0,0,0,0,0,0,0,0,0,0
Candidatus_Pseudolachnospira,0,0,0,0,0,0,0,0,0,0,0,0,0,0
Candidatus_Pseudoruminococcus,0,0,0,0,0,0,0,0,0,0,0,0,0,0
Candidatus_Pseudoscilispira,0,0,0,0,0,0,0,0,0,0,0,0,0,0
Candidatus_Pseudoscilispira,0,0,0,0,0,0,0,0,0,0,0,0,0,0
Candidatus_Roslinia,0,0,0,0,0,0,0,0,0,0,0,0,0,0
Candidatus_Schneewindia,0,0,0,0,0,0,0,0,0,0,0,0,525,1482
Candidatus_Tabaqchalia,0,0,0,0,0,0,0,0,0,0,0,0,0,0
Candidatus_Timburyella,0,0,0,0,0,0,0,0,0,0,0,0,0,0
Candidatus_Woodwardibium,0,0,37041,0,0,0,0,0,0,0,0,780,0,0
GGB25626,0,0,0,0,0,0,0,0,0,0,0,0,0,0
GGB29685,0,0,0,0,0,0,708,0,0,0,0,0,0,0
GGB2977,0,0,0,9681,0,0,0,0,0,0,0,0,0,0
GGB2980,0,0,5743,8933,0,236,0,0,0,0,31581,0,28242,200659
GGB3003,0,0,0,0,0,0,0,0,0,0,0,0,0,0
GGB3004,0,0,0,0,4286,0,0,0,0,0,0,0,0,0
GGB3005,0,0,0,0,0,1054,0,34564,0,953303,56610,461,0,162994
GGB3111,0,0,0,0,0,0,0,0,0,0,0,0,0,0
GGB3264,0,0,0,0,0,0,0,0,0,0,0,0,0,0
GGB3266,0,0,0,0,0,0,0,0,0,0,0,0,0,0
GGB3277,0,0,262359,89270,19788,0,0,0,0,0,0,84566,0,0
GGB3278,0,0,0,0,0,0,0,0,0,0,0,0,0,241808
GGB3293,0,0,369779,919289,0,0,0,0,0,0,31439,0,32288,0
GGB3303,0,0,0,0,0,0,0,0,0,0,0,0,0,0
GGB3817,0,0,0,6413,0,0,0,0,0,17741,6976,0,0,0
GGB4549,0,0,0,0,0,0,0,0,0,0,0,0,0,0
GGB4550,0,0,0,0,0,0,0,0,0,0,0,0,0,0
GGB4554,0,0,0,0,0,0,0,0,0,0,0,0,0,0
GGB4557,0,0,0,0,0,0,0,0,0,0,0,0,0,0
GGB4566,0,0,0,0,0,0,0,0,0,0,3328,0,1785,0
GGB4569,0,0,0,0,0,0,0,0,0,0,0,0,0,0
GGB4569,0,0,13059,0,0,0,0,0,0,0,0,0,0,0
GGB4574,0,0,0,0,0,0,0,0,0,0,0,0,0,0
GGB4579,0,0,0,0,0,0,0,0,0,0,0,0,0,0
GGB4584,0,0,0,0,0,0,0,0,0,0,0,0,0,0
GGB4585,0,0,0,0,0,0,0,0,0,0,0,0,0,0
GGB4588,0,0,0,0,0,0,0,0,0,0,0,0,0,0
GGB4596,0,0,0,0,0,0,0,0,0,0,0,0,0,0
GGB4599,0,0,0,0,0,0,0,0,0,0,0,0,0,0
GGB4602,0,0,0,0,0,0,0,0,0,0,0,0,0,0
GGB4603,0,0,0,0,0,0,0,0,0,0,0,0,0,0
GGB4609,0,0,0,0,0,0,0,0,0,0,0,0,0,0
GGB4610,0,0,0,0,0,0,0,0,0,0,0,0,0,0
GGB9047,0,0,0,0,0,0,0,0,0,0,0,0,0,0
GGB9050,0,0,0,0,0,0,0,0,0,0,0,0,0,0
GGB9051,0,0,0,0,0,0,0,0,0,0,0,0,0,0
GGB9052,0,0,0,0,0,0,0,0,0,0,0,3123,0,0
GGB9055,0,0,0,0,0,0,0,0,0,0,0,0,0,0
GGB9058,0,0,0,0,0,0,0,0,0,0,0,0,0,0
GGB9059,0,0,0,0,0,0,0,0,0,0,0,0,0,0
GGB9067,0,0,0,0,0,0,0,0,0,0,0,0,0,0
GGB9074,0,0,0,0,0,0,0,0,0,0,0,0,0,0
GGB9086,0,0,0,0,0,0,0,0,0,0,0,0,0,0
GGB9101,0,0,0,0,0,0,0,0,0,0,0,0,0,0
GGB9104,0,0,0,1111,0,0,0,0,0,0,0,0,0,0
GGB9104,0,0,0,0,0,0,0,0,0,0,0,0,0,0
GGB9145,0,0,0,0,0,0,0,0,0,0,0,0,0,0
GGB9168,0,0,0,0,0,0,0,0,0,0,0,0,0,0
GGB9176,0,0,2620,0,0,0,0,0,0,0,0,1485,0,0
GGB9239,0,0,1445,0,0,0,0,0,0,0,0,0,0,0
GGB9260,0,0,0,0,0,0,0,0,0,0,0,0,0,0
GGB9270,0,0,0,0,0,0,0,0,0,0,0,0,0,0
GGB9278,0,0,0,0,0,0,0,0,0,0,0,0,0,0
GGB9284,0,0,0,0,0,0,0,0,0,0,0,0,0,0
GGB9285,0,0,0,0,0,0,0,0,0,0,0,0,0,0
GGB9288,0,0,0,0,0,0,0,0,0,0,0,0,0,0
GGB9303,0,0,0,0,0,0,0,0,0,0,0,0,0,0
GGB9331,0,0,0,0,0,0,0,0,0,0,0,0,0,0
GGB9332,0,0,0,0,0,0,0,0,0,0,0,0,0,0
GGB9333,0,0,0,0,0,0,0,0,0,0,0,0,0,0
GGB9342,0,0,280365,0,0,0,0,0,0,0,0,59138,385891,0
GGB9347,0,0,62496,0,0,0,0,0,0,0,0,0,0,0
GGB9348,0,0,0,0,0,0,0,0,0,0,0,0,0,0
GGB9350,0,0,0,0,0,0,0,0,0,0,0,3993,0,0
GGB9480,0,0,0,0,0,0,0,0,0,0,0,0,0,0
GGB9494,0,0,62,0,4748,0,0,0,0,31,0,0,1218,15877
GGB9522,0,0,0,3946,0,0,0,0,0,0,0,2438,3092,0
GGB9528,0,0,0,0,0,0,0,0,0,0,0,0,0,0
GGB9530,0,0,0,0,0,0,0,0,0,0,0,0,0,0
GGB9532,0,0,1225,0,0,0,0,0,0,0,0,0,0,0
GGB9537,0,0,0,0,0,6218,0,0,0,31735,807,5622,0,0
GGB9540,0,0,0,0,0,0,0,0,0,0,0,0,0,0
GGB9551,0,0,63,0,0,0,0,0,0,0,0,0,0,0
GGB9758,0,0,0,0,0,0,0,0,0,0,0,108900,0,0
GGB9768,0,0,0,0,0,0,0,0,0,0,0,0,0,0
GGB9774,0,0,0,0,0,0,0,0,0,0,0,0,0,0
GGB9787,0,0,487,0,0,0,0,0,0,0,0,3429,6251,0
Catabacter,0,1316,0,0,2398,0,0,0,173,0,6780,0,0,35657
Christensenella,0,0,0,2142,3490,17276,0,0,2363,0,0,0,1463,0
Christensenella,0,0,6930,0,0,6800,0,0,159,0,23867,0,3414,0
Christensenella,0,0,0,0,0,0,0,0,0,0,0,0,0,0
Christensenella,0,0,0,0,0,0,0,0,0,0,0,150,40,0
Christensenella,0,0,0,0,0,0,0,0,0,0,0,0,0,0
Christensenella,0,0,0,0,0,8858,0,0,0,0,0,0,0,0
Butyricicoccus,0,0,0,0,0,0,0,0,11695,0,0,0,0,0
Butyricicoccus,0,0,0,0,0,0,0,0,0,0,0,0,0,0
Butyricicoccus,0,0,0,0,0,0,0,0,0,0,0,0,0,0
Butyricicoccus,0,0,0,0,0,0,0,0,0,0,0,0,0,0
Clostridium,0,0,0,0,0,0,0,0,0,0,0,0,0,0
Clostridium,0,0,2036,0,0,0,0,0,0,0,0,0,0,12370
Clostridium,0,0,0,0,0,0,0,0,0,0,0,0,0,0
Clostridium,0,0,0,0,0,0,0,0,0,0,0,0,0,0
Clostridium,0,0,0,0,0,0,0,0,0,0,0,0,0,0
Clostridium,0,0,0,0,0,0,0,0,0,0,0,0,0,0
Clostridium,0,0,5693,0,0,0,0,0,0,0,0,0,0,148374
Clostridium,0,9482,0,0,2628,0,0,36695,0,0,4529,57984,8984,0
Clostridium,0,0,0,0,0,0,0,0,0,0,0,0,0,0
Clostridium,0,0,0,0,0,0,0,0,0,0,0,0,0,0
Clostridium,0,0,0,0,0,0,0,0,0,0,0,0,0,6500
Clostridium,0,0,0,0,0,0,0,0,0,0,0,0,0,3674
Clostridium,0,4500,38820,28525,16232,0,0,0,49037,12272,3944,12155,12915,0
Clostridium,0,0,0,0,0,0,0,0,0,0,0,242874,0,0
Clostridium,0,0,0,22548,0,0,0,0,0,0,0,0,0,0
Clostridium,0,0,0,0,0,0,0,0,0,0,0,3469,0,0
Clostridium,0,0,0,0,0,0,0,0,0,0,0,0,0,0
Clostridium,0,60710,26363,0,46935,7052,14085,0,331417,0,0,229460,1630,3270
Clostridium,0,0,0,0,0,0,0,0,0,0,0,8533,0,0
Clostridium,0,0,112430,0,3489,0,0,0,0,0,0,101079,7621,0
Clostridium,0,0,0,167980,52923,0,0,0,50061,0,0,37097,0,0
Clostridium,0,0,1215,0,0,0,0,3164,0,0,0,3724,0,0
Clostridium,0,0,0,0,0,0,0,0,0,0,0,0,0,0
Clostridium,0,0,12136,0,28410,0,0,0,0,0,0,25778,40238,0
Clostridium,0,0,0,0,0,0,0,0,0,0,0,0,0,0
Clostridium,0,2509,0,0,6628,0,0,66624,20781,0,0,0,0,4158
Clostridium,0,0,0,0,0,0,0,0,0,0,0,0,0,0
Clostridium,0,0,0,0,0,0,0,0,0,0,0,0,0,5458
Clostridium,0,0,0,0,0,0,0,0,0,0,0,0,0,0
Clostridium,0,0,0,0,0,0,0,0,0,0,0,0,0,0
Clostridium,0,0,0,0,0,0,0,0,0,0,0,0,0,0
Clostridium,0,0,1246,200,0,4799,0,0,0,0,0,0,0,0
Clostridium,0,0,18800,0,0,0,0,0,0,0,0,0,0,1935
Clostridium,0,0,0,0,0,0,0,0,0,0,0,0,0,0
Clostridium,0,0,0,0,0,0,0,0,0,0,0,0,0,0
Clostridium,0,0,0,0,0,0,0,0,0,1512,0,0,0,0
Clostridium,0,0,0,0,0,0,0,0,0,0,0,0,0,0
Clostridium,0,0,2323,0,0,0,0,0,0,0,0,0,0,0
Clostridium,0,0,10501,0,0,0,0,0,0,0,0,0,0,0
Clostridium,0,0,0,0,0,0,0,0,0,0,0,0,0,0
Clostridium,0,0,0,0,0,0,0,0,0,0,0,0,0,0
Clostridium,0,0,0,0,0,0,0,0,0,0,0,651,0,157
Clostridium,0,0,762,0,0,0,0,0,0,0,0,0,0,0
GGB28991,0,0,0,0,0,0,0,0,0,0,0,0,0,0
GGB3478,0,0,51579,0,0,0,0,0,0,0,0,0,0,0
GGB3486,0,0,0,0,0,0,0,0,0,0,0,0,0,0
GGB3528,0,0,0,0,0,0,0,0,0,0,0,0,0,0
GGB3532,0,0,0,0,0,0,0,0,0,0,0,0,0,0
GGB4482,0,0,0,0,0,0,0,0,0,0,0,0,0,0
GGB4482,0,0,1549,0,0,0,0,0,0,0,0,0,0,36329
GGB4491,0,0,0,0,0,0,0,0,0,0,0,0,0,0
GGB9568,0,0,0,0,0,0,0,0,0,0,0,0,0,0
GGB9574,0,0,0,0,0,0,0,0,0,0,0,0,0,0
GGB9580,0,0,0,0,0,0,0,0,0,43135,0,0,0,0
GGB9580,0,0,0,0,0,0,0,0,55687,0,9803,0,0,0
Hungatella,3509,0,98796,408,90737,362191,859611,0,0,20367,1227472,0,235466,5999
Lactonifactor,0,0,0,0,0,0,0,0,0,0,0,0,0,0
Lactonifactor,0,0,0,0,0,0,14262,0,0,0,14655,0,0,0
Massilioclostridium,0,0,3220,0,899,0,6603,251,0,0,3533,0,0,647
Alterileibacterium,0,0,0,0,0,0,12,0,0,0,0,0,0,0
Bacilliculturomica,0,0,0,0,0,0,0,0,0,0,0,0,0,0
Emergencia,0,0,0,0,0,0,0,0,0,0,0,0,0,0
Emergencia,0,0,0,0,0,0,13209,0,0,0,0,0,0,0
Emergencia,0,0,47537,0,0,0,0,4011,7782,0,0,0,0,33141
Mobilibacterium,0,0,0,0,0,0,0,0,0,0,0,0,0,0
Mogibacterium,0,0,0,0,0,0,3362,0,0,0,3847,0,2610,237
Mogibacterium,0,0,0,0,0,0,0,0,0,0,0,0,0,0
Evtepia,0,72236,60088,0,0,0,264125,51700,51499,90970,97027,95066,117302,0
Fenollaria,0,0,0,0,0,0,0,0,0,0,0,0,0,0
Fenollaria,0,0,0,0,0,0,0,0,0,0,0,0,0,0
Intestinimonas,35031,0,21897,0,25352,1737,0,0,0,57450,26429,2557,0,0
Intestinimonas,0,0,1253,0,10786,0,0,0,0,0,0,3200,0,1245
Intestinimonas,14161,0,7419,0,0,14164,0,0,0,14632,0,2162,0,0
Intestinimonas,0,0,0,0,0,0,1910,0,0,0,0,0,0,0
Lawsonibacter,0,0,139,0,0,21664,0,0,0,0,0,60820,274,0
Lawsonibacter,0,0,0,0,0,0,0,0,0,0,0,2201,0,0
Levyella,0,0,0,0,0,387,0,0,0,0,0,0,0,0
Massilistercora,0,0,1519,0,0,27869,0,0,0,0,0,0,39282,3324
Monoglobus,0,0,142311,0,5778,17438,0,0,17208,0,0,11394,0,26138
Anaerofustis,0,1091,936,0,0,0,4343,0,0,0,0,0,0,1350
Eubacterium,0,0,2972,0,0,0,385353,5970,0,1217925,0,1113,0,0
Eubacterium,0,0,0,0,0,0,0,0,0,0,0,0,0,0
Eubacterium,0,0,0,0,0,0,0,0,0,0,0,0,0,0
Eubacterium,0,0,0,0,0,0,0,0,0,0,0,0,0,0
Eubacterium,0,80436,0,0,0,0,65715,67143,0,0,0,116314,0,20176
Eubacterium,0,0,324,0,0,0,0,0,0,0,0,0,0,0
Eubacterium,0,0,0,0,0,0,0,0,0,0,0,0,0,0
Eubacterium,0,0,0,0,0,0,0,0,0,0,0,0,0,0
Eubacterium,0,0,46091,0,0,0,0,0,0,0,0,0,270233,0
Eubacterium,0,0,0,0,0,0,0,0,0,0,0,0,0,0
Eubacterium,0,0,0,0,0,0,0,0,0,0,0,0,0,0
Eubacterium,0,0,0,0,0,0,0,0,0,0,0,0,0,0
Eubacterium,0,13373,3079,0,0,0,0,0,0,0,0,10205,23221,34010
GGB9778,0,0,0,0,0,0,0,0,0,0,0,0,0,0
Intestinibacillus,0,0,0,0,0,0,0,975,0,0,0,0,0,0
Intestinibacillus,0,0,0,0,0,0,0,0,0,0,0,0,0,0
Pseudoramibacter,0,0,0,0,0,0,0,0,0,0,0,0,0,0
Anaerobutyricum,0,494952,172343,1352592,136128,2386,0,0,0,0,37181,171573,53438,2652448
Anaerocolumna,0,0,0,0,0,0,0,0,0,0,0,0,0,0
Anaerosacchariphilus,0,0,0,0,0,0,0,0,0,0,0,1403,0,0
Anaerosporobacter,0,0,0,0,0,0,0,0,0,0,0,0,0,0
Anaerostipes,0,0,422,0,0,0,1683,4086,0,299346,12639,0,0,8564
Anaerostipes,0,100436,638796,0,14214,0,437676,10771,463275,0,48188,156725,31427,657534
Anaerostipes,0,0,0,0,0,0,0,0,0,0,0,0,0,0
Anaerostipes,0,0,0,0,0,0,0,0,0,0,0,0,0,0
Anaerotignum,0,0,0,0,0,0,0,0,0,0,0,40222,216,0
Anaerotignum,0,27779,0,36892,1855,0,0,17294,95871,1555,0,0,0,0
Bariatricus,0,0,0,0,0,0,0,0,0,0,0,0,0,0
Blautia,0,0,0,109260,4028,73,0,2952,0,0,145,4243,0,128289
Blautia,0,0,2148,154783,14082,0,0,100089,0,0,13595,22204,24422,314918
Blautia,0,0,43224,23905,0,0,0,0,0,0,44,58977,20408,0
Blautia,0,0,0,0,16069,0,813,0,7751,0,0,0,0,0
Blautia,0,45396,1061,0,47937,7299,496124,11575,120290,1098860,31716,0,0,181086
Blautia,0,0,101706,0,0,0,0,0,0,0,0,0,0,0
Blautia,125892,312712,136779,152199,23179,0,989203,593642,0,0,3225,541367,24192,1107590
Blautia,0,0,0,0,0,0,0,0,0,0,0,0,4767,0
Blautia,0,0,0,0,0,0,10677,0,0,0,0,0,0,0
Blautia,0,0,0,0,0,0,0,0,931,0,0,0,0,0
Blautia,0,0,0,0,30267,0,885436,5187,12644,15790,258752,0,16606,19931
Blautia,16739,121745,100908,0,5416,26382,2217596,23545,0,0,206328,207170,105126,912239
Blautia,664,149295,125102,577722,20252,3205,0,113610,0,2036,9518,670843,355014,130616
Blautia,261,3869,8763,996,7191,137620,40669,1729,122591,7006176,29149,0,0,22199
Blautia,0,0,0,0,0,0,0,29191,0,0,0,0,486,0
Blautia,0,0,0,0,0,0,0,0,0,0,0,0,0,0
Blautia,0,0,0,0,0,0,0,0,0,0,0,0,0,3250
Blautia,0,0,0,0,0,0,0,0,0,0,0,0,0,0
Blautia,0,0,0,0,0,0,0,0,0,241,0,0,0,0
Blautia,0,0,0,0,0,0,0,0,0,0,0,0,0,0
Blautia,0,0,0,0,0,0,0,0,0,0,0,0,0,0
Blautia,0,0,391,0,0,0,24519,0,0,0,0,11342,0,0
Blautia,0,0,0,0,0,0,0,0,0,0,0,186230,0,0
Blautia,73183,3151493,383195,840568,126692,10549,2007271,3667469,2142945,2997,4770,256097,96992,2474314
Butyrivibrio,0,0,0,0,0,0,0,0,0,0,0,0,0,0
Catenibacillus,0,0,193,0,0,0,0,0,0,1226,0,0,1402,0
Cellulosilyticum,0,0,0,0,0,0,0,0,0,0,0,0,0,0
Coprococcus,0,0,2608,0,7438,0,0,0,0,0,0,32741,8029,0
Coprococcus,0,0,50560,0,102557,0,0,40992,0,0,220124,137188,54531,206373
Coprococcus,0,0,0,0,0,0,0,0,0,0,0,151578,0,0
Coprococcus,0,0,0,0,0,0,0,0,0,0,0,0,0,0
Cuneatibacter,0,0,2045,0,0,522,0,0,726,0,0,0,0,0
Dorea,0,15461,0,0,4764,0,515685,88670,117365,0,17620,85072,15341,322359
Dorea,0,0,12614,969466,67334,0,0,103337,0,0,0,222194,244887,0
Dorea,0,0,2115,0,0,0,0,0,43916,0,2757,0,0,0
Dorea,0,0,317,63355,0,398,0,46665,0,0,0,27318,2608,0
Dorea,3847,0,33358,4509,39146,55138,428036,40198,0,0,28116,22535,26549,0
Eisenbergiella,19020,25310,276216,15096,0,6634,425009,84174,69018,35431,12319,0,0,121984
Eisenbergiella,0,0,0,0,0,0,0,0,0,0,0,0,0,0
Eisenbergiella,0,18272,123926,6492,422211,788948,1005513,222642,0,254907,0,1228,164229,11664
Enterocloster,35084,336,16792,9380,1136,143635,7294,41111,14029,9081,5648,0,0,29158
Enterocloster,0,0,0,2720,6278,0,865,0,0,0,0,0,0,0
Enterocloster,154638,7644,80559,25296,16250,182530,35315,420370,6001,114999,105289,6219,18573,118639
Enterocloster,0,1355,5589,0,1910,0,0,5461,94,0,1369,1251,0,0
Enterocloster,0,2734,0,444,0,0,5301,0,0,5960,0,0,0,0
Enterocloster,4278,0,1975,9246,0,0,0,62958,1961,3490,13124,4342,0,751
Extibacter,0,0,2108,0,0,0,0,0,0,0,0,0,0,0
Faecalicatena,0,7302,11848,5597,5185,5522,55060,1794,6306,19900,6084,119,5755,43875
Faecalicatena,0,0,91665,0,0,0,0,0,0,0,870,42826,0,0
Faecalicatena,0,0,0,6120,0,0,0,0,0,0,0,0,0,0
Faecalimonas,0,0,206669,0,0,0,0,0,11834,0,0,0,0,36444
Frisingicoccus,0,0,0,0,0,0,0,0,0,0,0,23455,0,0
Frisingicoccus,0,0,14029,0,0,0,0,0,17533,0,0,0,0,0
Fusicatenibacter,5125,0,97599,752853,0,0,609274,0,0,0,154849,547169,42312,1248480
GGB3424,0,0,0,0,0,0,0,0,0,0,0,0,0,0
GGB3433,40184,90988,171079,0,16632,0,537158,257414,286364,27351,0,32018,0,1128693
GGB3463,0,0,0,0,0,0,0,0,9685,0,0,0,0,0
GGB3474,0,0,0,0,0,0,0,0,0,0,0,0,0,0
GGB3523,0,0,0,0,0,0,0,0,0,0,0,0,0,0
GGB3523,0,0,0,0,1564,0,16981,0,58441,0,0,0,0,123718
GGB3537,0,0,15039,2080,0,523,0,0,3080,0,0,0,0,56493
GGB3569,0,0,0,0,0,0,0,0,0,0,0,0,0,0
GGB3570,0,0,0,0,0,0,0,0,0,0,0,0,0,0
GGB3571,0,0,234,0,0,0,0,11519,0,0,0,898,1071,4207
GGB3583,0,0,0,0,0,0,0,323,0,0,0,0,0,369
GGB3606,0,0,0,0,0,0,0,0,0,0,0,0,0,0
GGB3614,0,0,0,0,0,0,0,0,0,0,0,500569,7780,0
GGB3617,0,0,0,0,0,0,0,0,0,0,0,0,0,0
GGB3623,0,0,0,0,0,0,0,0,0,0,0,0,0,0
GGB3632,0,0,0,0,0,0,0,0,0,0,0,0,0,0
GGB3637,0,0,0,0,0,0,0,0,0,0,0,0,0,0
GGB3640,0,0,0,0,0,0,0,0,0,0,0,0,0,0
GGB3643,0,0,0,0,0,0,0,0,0,0,0,0,0,0
GGB3677,0,0,0,0,0,0,0,0,0,0,0,0,0,0
GGB3678,0,251,0,15716,0,0,0,0,0,0,0,0,0,0
GGB3678,0,0,0,0,0,0,0,0,0,0,0,0,0,0
GGB3733,0,0,0,0,0,0,0,0,0,0,0,0,0,0
GGB3737,0,0,0,0,0,0,0,0,0,0,0,0,0,0
GGB3738,0,0,0,0,0,0,0,0,0,0,0,0,0,0
GGB3743,0,0,0,0,0,0,0,0,0,0,0,0,0,0
GGB3746,0,0,2565,0,7364,0,0,0,0,0,0,5692,1802,9281
GGB3751,0,0,0,0,0,0,0,0,0,0,0,0,0,0
GGB3859,0,0,0,0,0,0,0,0,0,0,0,0,0,0
GGB3862,0,0,0,0,0,0,0,0,0,0,0,0,0,0
GGB3887,0,0,0,0,0,0,0,0,0,0,0,0,0,0
Lachnoclostridium,0,0,0,0,25263,126761,0,0,0,17797,0,0,2140,44914
Lachnoclostridium,0,0,0,0,0,0,0,0,0,0,0,0,0,0
Lachnoclostridium,24423,22154,12674,3848,0,627621,247539,8302,0,0,249136,0,5444,274431
Lachnoclostridium,9705,8000,8796,1503,15465,19759,14528,219929,10563,3437,0,0,17254,3113
Lachnoclostridium,0,0,0,0,0,0,0,0,0,32840,0,0,0,0
Lachnoclostridium,0,0,0,0,0,0,0,0,0,0,0,0,0,0
Lachnoclostridium,0,0,0,0,0,0,0,0,0,0,0,0,0,0
Lachnoclostridium,0,982,0,0,0,0,0,0,0,0,0,0,0,4991
Lachnoclostridium,0,0,0,0,0,0,0,0,0,0,0,0,0,4149
Lachnoclostridium,0,0,0,0,0,827428,0,0,0,0,0,0,0,0
Lachnoclostridium,0,0,0,14225,0,6783,0,0,0,889,0,75,0,0
Lachnoclostridium,0,0,0,0,0,0,0,0,0,0,0,0,0,0
Lachnoclostridium,0,0,0,0,0,0,0,0,0,0,0,0,0,0
Lachnoclostridium,0,0,0,0,0,0,0,0,0,0,0,0,0,0
Lachnoclostridium,0,0,0,0,0,0,0,0,0,0,0,0,0,0
Lachnoclostridium,0,0,0,0,0,0,0,0,0,0,0,0,0,0
Lachnoclostridium,0,0,0,0,0,0,0,0,0,0,0,0,0,0
Lachnospira,0,0,0,0,0,0,0,0,0,0,0,0,0,0
Lachnospira,0,0,53940,37855,0,0,0,0,0,0,0,0,0,0
Lachnospira,0,0,0,230211,3814,0,0,0,0,0,0,51662,36843,18537
Lachnospira,0,22296,0,0,0,0,0,0,0,0,0,16335,0,0
Lachnospira,0,6310,0,0,0,0,0,0,0,0,0,0,0,0
Lacrimispora,4986,3660,1186,9262,0,0,0,0,0,0,0,20419,0,0
Lacrimispora,0,0,12374,0,0,0,954752,0,547063,0,0,112310,0,110409
Lacrimispora,0,0,0,0,0,0,0,0,0,81682,0,0,0,0
Marvinbryantia,0,0,0,0,0,0,0,78665,0,0,0,0,0,0
Marvinbryantia,0,0,0,0,0,0,0,0,0,0,0,0,0,0
Mediterraneibacter,0,0,0,0,0,0,0,0,0,0,0,0,0,0
Mediterraneibacter,0,3457,1633,0,0,42,0,0,0,0,0,2009,5397,230722
Mediterraneibacter,740,2173,8884,0,1740,0,43266,33685,33431,9479,0,4159,0,949
Mediterraneibacter,0,694,0,0,89,0,0,0,0,900,0,0,2199,0
Mediterraneibacter,0,0,0,0,0,0,0,0,0,0,0,0,0,0
Mediterraneibacter,0,0,0,0,0,0,0,0,0,0,0,0,0,0
Mediterraneibacter,1364,13563,119045,17570,1992,0,0,6011,80500,138559,0,0,0,77301
Mediterraneibacter,57697,0,0,0,9958,0,0,0,0,0,0,287528,0,0
Mediterraneibacter,40297,183318,68293,266332,254480,792688,666027,536637,228993,591296,222140,528700,391834,101347
Merdimonas,0,0,0,1793,0,0,0,0,0,0,10725,0,0,0
Murimonas,0,0,2805,0,0,0,0,0,0,0,0,0,0,0
Oribacterium,0,0,0,0,0,0,0,0,0,0,0,0,0,0
Oribacterium,0,0,0,0,0,0,0,0,0,0,0,0,0,0
Robinsoniella,0,0,0,0,0,0,0,0,0,0,0,0,0,0
Roseburia,0,0,0,0,0,0,0,0,0,0,0,0,0,0
Roseburia,0,0,0,0,0,0,0,0,0,0,0,0,0,0
Roseburia,0,0,0,0,0,0,0,0,0,0,0,0,0,0
Roseburia,32428,661730,213427,0,11739,0,0,0,132106,0,0,168453,190,416463
Roseburia,277190,59383,63267,0,59462,0,144143,143310,0,0,0,24202,8860,508514
Roseburia,111517,87654,53960,0,0,0,29818,0,0,0,0,0,0,111126
Roseburia,11164,0,149509,0,10384,0,2504,0,0,0,0,99284,14294,0
Roseburia,0,0,282693,0,0,0,0,0,0,0,0,249,0,98873
Roseburia,0,0,0,0,0,0,0,0,0,0,0,0,0,0
Roseburia,0,0,0,0,0,0,0,0,0,0,0,0,0,0
Roseburia,0,0,0,0,0,0,0,0,0,0,0,0,0,0
Sellimonas,0,18414,39877,885,28136,0,5389,10707,28850,21051,85088,0,12778,15506
Shuttleworthia,0,0,0,0,0,0,0,0,0,0,0,0,0,0
Stomatobaculum,0,0,0,0,0,0,0,0,0,0,0,0,0,0
Tyzzerella,0,0,11999,0,0,99969,0,0,0,2060,0,0,0,0
Dysosmobacter,0,1389,2462,1178,5374,0,1093,375,3654,9857,2904,5677,541,0
Dysosmobacter,14835,26463,0,16988,101345,4283,92638,16219,23477,570183,115248,69235,1891,0
Oscillibacter,0,0,0,0,0,0,0,0,679,0,0,0,0,0
Oscillibacter,0,0,0,0,0,0,0,0,0,0,0,0,0,0
Oscillibacter,245344,0,19825,75329,0,0,0,0,0,0,0,0,0,0
Oscillibacter,0,0,0,0,0,0,0,0,0,0,0,27,95,0
Oscillibacter,0,0,0,0,0,0,0,0,0,0,0,0,0,0
Peptococcus,0,0,0,0,0,0,0,0,0,0,0,0,0,0
Clostridioides,0,0,0,0,0,0,0,0,0,0,0,0,0,0
Filifactor,0,0,0,0,0,0,0,0,0,0,0,0,0,0
GGB4456,0,0,904,0,0,0,0,0,0,0,0,0,0,82123
Intestinibacter,0,0,13961,0,0,0,0,0,0,0,0,0,0,13540
Intestinibacter,0,0,9572,0,0,0,9690,0,0,0,265,0,0,61202
Paeniclostridium,0,0,0,0,0,0,0,0,0,0,0,0,0,0
Peptacetobacter,0,0,0,0,0,0,0,0,0,0,0,0,0,0
Peptostreptococcus,0,0,0,0,0,0,0,0,0,0,0,0,0,0
Peptostreptococcus,0,0,0,0,0,0,0,0,0,0,0,0,0,0
Peptostreptococcus,0,0,0,0,0,0,0,0,0,0,0,0,0,0
Romboutsia,0,0,5569,2671,0,0,1447,0,0,0,0,0,1995,195226
Terrisporobacter,0,0,0,0,0,0,0,0,0,0,0,0,0,0
Terrisporobacter,0,0,0,0,0,0,0,0,0,0,0,0,0,0
Acutalibacter,0,0,0,0,0,0,0,0,0,0,0,0,0,0
Agathobaculum,45827,49347,198889,0,16608,0,80931,42453,0,0,0,39353,0,4976
Agathobaculum,0,0,0,0,0,0,0,0,0,0,0,0,0,0
Agathobaculum,0,0,0,0,0,0,0,0,0,0,0,0,0,0
Anaerofilum,0,0,0,0,0,0,0,0,0,0,0,0,0,0
Anaerofilum,0,0,0,0,0,0,0,0,0,0,0,1261,0,109
Anaerolactibacter,0,0,0,0,0,0,0,0,0,0,0,0,0,0
Anaeromassilibacillus,0,0,0,0,0,0,0,0,0,0,0,0,0,0
Anaeromassilibacillus,1099,0,18589,25751,0,104981,0,0,2378,27237,24104,750,0,217159
Anaerotruncus,0,26073,44059,0,13523,0,151380,72131,7283,30253,104417,1987,7946,1171
Anaerotruncus,0,0,2535,144,0,253321,0,0,0,0,0,44561,263836,106239
Anaerotruncus,0,0,2498,174,0,535,0,0,0,0,0,1244,3022,0
Angelakisella,0,0,0,0,0,0,0,0,0,0,0,0,0,0
Bittarella,0,0,741,1107,261,0,446,0,392,0,1837,1893,1601,11661
Candidatus_Cibiobacter,0,371660,34085,0,0,9547,1005995,0,0,0,0,95552,12076,2153567
Candidatus_Soleaferrea,0,0,3851,0,0,0,0,0,0,0,0,0,0,0
Drancourtella,0,0,0,0,0,0,0,0,0,0,0,0,0,0
Drancourtella,0,0,0,80411,0,0,0,0,0,5650,0,0,0,0
Faecalibacterium,0,0,0,0,0,0,0,0,0,0,0,0,0,0
Faecalibacterium,0,0,75479,0,0,0,0,0,0,0,0,0,15377,0
Faecalibacterium,0,0,0,0,0,0,0,0,0,0,0,0,0,0
Faecalibacterium,633704,636490,752765,1496163,288082,49031,1599266,0,64733,0,4449,2130840,326733,1395255
Faecalibacterium,0,0,0,0,0,0,0,0,0,0,0,0,0,0
Flavonifractor,0,0,0,0,0,0,0,0,0,0,0,0,0,0
Flavonifractor,0,38415,43719,49473,115702,23277,33279,24375,139151,398559,54143,7110,7626,0
Flavonifractor,0,0,0,0,0,0,0,0,0,0,0,0,0,0
Flavonifractor,0,0,0,0,0,0,0,0,0,0,0,0,0,0
Flavonifractor,0,0,0,0,0,0,0,0,0,0,0,0,0,0
Flavonifractor,0,0,0,0,0,0,0,0,0,0,0,0,0,0
Flavonifractor,0,0,0,0,0,0,0,0,0,0,0,0,0,0
Fournierella,0,0,0,0,0,0,0,0,0,0,0,0,0,0
GGB13580,0,0,0,0,0,0,0,0,0,0,0,0,0,0
GGB29848,0,0,0,0,0,0,0,0,0,0,0,0,0,0
GGB30466,0,0,0,0,0,0,0,0,0,0,0,0,0,0
GGB30473,0,0,0,0,0,0,0,0,0,0,0,0,0,0
GGB3161,0,0,0,0,0,0,0,0,0,0,0,0,0,0
GGB3185,0,0,0,0,0,0,0,0,0,0,0,0,0,0
GGB3189,0,0,0,0,0,0,0,0,0,0,0,0,0,0
GGB3204,0,0,0,0,0,0,0,0,0,0,0,0,0,0
GGB3226,0,0,0,0,0,0,0,0,0,0,0,0,0,0
GGB3236,0,0,0,0,0,0,0,0,0,0,0,0,0,0
GGB3341,0,0,0,0,0,0,0,0,0,0,0,0,0,0
GGB3343,0,0,0,0,0,0,0,0,0,0,0,0,0,0
GGB3344,0,0,0,0,0,0,0,0,0,0,0,0,0,0
GGB41366,0,0,0,0,0,0,0,0,0,0,0,0,0,0
GGB58485,0,0,0,0,0,0,0,0,0,0,0,0,0,0
GGB9452,0,0,0,0,0,0,0,0,0,0,0,0,0,0
GGB9454,0,0,0,0,0,0,0,0,0,0,0,0,0,0
GGB9455,0,0,0,0,0,0,0,0,0,0,0,0,0,0
GGB9457,0,0,0,0,0,0,0,0,0,0,0,0,0,0
GGB9501,0,0,0,0,0,0,0,0,0,0,0,0,0,0
GGB9510,0,0,0,0,0,0,0,0,0,0,0,0,0,0
GGB9512,1140,3805,942,0,64258,0,0,24166,31495,0,848,21842,81328,15166
GGB9582,0,0,0,0,0,0,0,0,0,0,0,0,0,0
GGB9582,0,0,0,0,0,0,0,0,0,0,0,0,0,0
GGB9583,0,0,0,0,0,0,0,0,0,0,0,0,0,0
GGB9589,0,0,0,0,0,0,0,0,0,0,0,0,0,0
GGB9590,0,0,0,0,0,0,0,0,0,0,0,0,0,0
GGB9591,0,0,0,0,0,0,0,0,0,0,0,0,0,0
GGB9593,0,0,0,0,0,0,0,0,0,0,0,0,0,0
GGB9594,0,0,0,0,0,0,0,0,0,0,0,0,0,0
GGB9595,0,0,0,0,0,0,0,0,0,0,0,0,0,0
GGB9595,0,0,0,0,0,0,0,0,0,0,0,0,0,0
GGB9597,0,0,0,0,0,0,0,0,0,0,0,0,0,0
GGB9602,0,0,14939,0,0,0,0,0,0,0,0,14288,0,0
GGB9603,0,0,0,0,0,0,0,0,0,0,0,0,0,0
GGB9608,0,0,0,0,0,0,0,0,0,0,0,0,0,0
GGB9608,0,0,0,0,0,0,0,0,0,0,0,0,0,0
GGB9610,0,0,0,0,0,71055,0,0,0,0,0,0,569,0
GGB9614,0,0,0,2235,0,0,0,0,0,0,0,0,0,0
GGB9615,0,0,0,0,0,0,0,0,0,0,0,0,0,0
GGB9615,0,0,0,0,0,0,0,0,0,0,0,0,0,0
GGB9615,0,20835,0,4121,0,0,0,0,0,0,0,97914,23641,0
GGB9618,0,0,0,0,0,0,0,0,0,0,0,0,0,0
GGB9618,0,0,0,0,0,0,0,0,0,0,0,0,0,0
GGB9619,0,0,0,0,0,0,0,0,0,0,0,0,0,0
GGB9620,116,0,0,0,0,14281,0,0,0,0,1724,0,0,0
GGB9621,0,0,0,0,0,0,0,0,0,0,0,0,0,0
GGB9621,0,0,0,2753,0,0,0,0,0,0,0,0,0,0
GGB9622,0,0,0,0,0,0,0,0,0,0,0,0,0,0
GGB9623,0,0,0,0,0,0,0,0,0,0,0,0,0,0
GGB9623,0,0,0,1223,0,0,0,0,0,0,0,0,0,0
GGB9627,0,1909,0,48028,0,0,0,0,0,0,0,395,12161,0
GGB9628,0,0,0,0,0,0,0,0,0,0,0,0,0,0
GGB9631,0,0,0,0,0,0,0,0,0,0,0,0,0,0
GGB9631,0,0,11966,0,0,0,0,0,0,0,0,0,0,0
GGB9631,0,0,0,0,0,0,0,0,0,0,0,16133,41533,0
GGB9632,24696,49017,661,28175,0,13619,910251,12254,0,0,0,13139,12194,184336
GGB9633,0,0,0,0,0,0,0,0,0,0,0,0,0,0
GGB9633,0,0,612,0,0,0,0,0,0,0,0,129875,2912849,0
GGB9634,0,0,0,0,0,0,0,0,0,0,0,786,0,0
GGB9634,0,0,0,0,0,0,0,0,0,0,0,0,0,0
GGB9634,0,0,0,0,0,0,0,0,0,0,0,0,0,0
GGB9634,0,0,0,0,0,0,0,0,0,0,0,0,0,0
GGB9635,0,0,0,0,0,0,0,0,0,0,0,0,0,0
GGB9635,0,0,0,0,0,0,0,0,0,0,0,0,0,0
GGB9635,0,0,0,0,0,0,0,0,0,0,0,0,0,0
GGB9635,0,0,0,0,0,0,0,0,0,0,0,1262,0,0
GGB9635,0,0,99639,0,0,74770,0,0,0,844,0,241188,18963,0
GGB9636,0,0,18957,0,0,0,0,0,0,0,0,0,0,0
GGB9636,0,0,0,0,0,0,0,0,0,0,0,0,0,0
GGB9636,0,0,0,0,0,0,0,0,0,0,0,0,0,0
GGB9637,0,0,0,0,0,0,0,0,0,0,0,0,0,0
GGB9640,0,0,0,0,0,0,0,0,0,0,0,0,305,0
GGB9642,0,0,0,0,34701,43141,0,0,0,0,0,0,0,0
GGB9644,0,0,0,88414,0,0,0,0,0,0,0,0,0,810516
GGB9646,0,0,1732,0,0,0,0,0,0,0,0,13160,0,0
GGB9667,0,0,0,0,2017,0,0,861,0,11288,2790,1516,0,0
GGB9668,0,0,0,0,0,0,0,0,0,0,0,0,0,0
GGB9673,0,0,179102,0,0,0,0,0,0,0,0,0,0,0
GGB9674,0,0,0,0,0,0,0,0,0,0,0,0,0,0
GGB9677,0,0,0,0,0,0,0,0,0,0,0,0,0,0
GGB9677,0,0,0,0,0,0,0,0,0,0,0,0,0,0
GGB9686,0,0,0,0,0,0,0,0,0,0,0,0,0,0
GGB9687,0,0,0,0,0,0,0,0,0,0,0,0,0,0
GGB9691,0,0,0,0,0,0,0,0,0,0,0,0,0,0
GGB9694,0,0,16736,0,0,65729,0,0,0,259475,0,0,0,4427
GGB9694,0,0,0,0,0,0,0,0,0,0,0,0,0,0
GGB9694,0,0,10797,0,0,29583,0,0,0,0,0,0,5154,0
GGB9694,0,0,9611,0,0,8801,0,0,0,4636,263366,0,0,1681
GGB9694,0,0,0,0,0,0,0,0,0,0,0,0,0,0
GGB9695,0,0,0,0,0,0,0,0,0,0,0,0,0,0
GGB9695,0,0,0,0,0,0,0,0,0,0,0,0,0,0
GGB9695,0,0,0,0,0,0,0,0,0,0,0,0,0,0
GGB9696,0,0,0,0,0,0,0,0,0,0,0,0,0,0
GGB9697,0,0,0,0,0,0,0,0,0,0,0,0,0,0
GGB9699,0,0,45767,8323,0,8780,0,0,0,0,137365,2198,53280,0
GGB9701,0,0,0,0,0,0,0,0,0,0,0,0,0,0
GGB9705,0,0,0,0,0,0,0,0,0,0,0,0,0,0
GGB9705,0,0,0,0,0,0,0,0,0,0,0,1559,0,0
GGB9707,0,0,0,0,0,0,0,0,0,0,0,5491,151,0
GGB9709,0,0,0,0,0,0,0,0,0,0,0,0,0,0
GGB9710,0,0,0,0,0,0,0,0,0,0,0,0,0,0
GGB9712,0,0,50169,0,0,36279,0,0,0,0,0,37998,84635,0
GGB9716,0,0,1709,0,0,0,0,0,0,0,0,0,0,0
GGB9717,0,0,0,0,0,0,0,0,0,0,0,0,0,0
GGB9727,0,0,0,0,0,0,0,0,0,0,0,0,0,0
GGB9730,0,0,0,0,0,0,0,0,0,0,0,0,0,0
GGB9730,50136,0,1175,0,0,0,0,0,0,0,2088,41261,0,0
GGB9732,0,0,0,0,0,0,0,0,0,0,0,0,0,0
GGB9734,0,0,0,0,0,0,0,0,0,0,0,0,0,0
GGB9739,0,0,0,0,21349,0,0,0,74624,0,0,0,0,0
Gemmiger,0,0,0,0,0,0,0,0,0,0,0,0,0,0
Gemmiger,0,0,30235,0,0,0,0,0,0,0,0,0,0,0
Gemmiger,0,0,4891,0,0,0,0,0,0,0,0,0,22244,0
Gemmiger,0,392038,6454,1526492,0,0,3597253,0,0,0,147244,721691,50834,1126947
Gemmiger,0,0,0,0,0,0,0,0,0,0,0,0,0,0
Gemmiger,0,0,0,0,0,0,0,0,0,0,0,0,0,0
Gemmiger,0,0,0,767,0,0,0,0,0,0,0,0,0,0
Harryflintia,0,0,6224,3511,847,44989,0,0,0,0,0,1940,1273,13907
Hydrogeniiclostidium,0,0,0,0,15224,0,57956,0,0,20597,0,0,1081,0
Massilimaliae,0,0,0,0,0,0,0,0,0,0,1533,0,0,10032
Massilimaliae,0,0,316,0,1298,0,3806,0,1052,4825,5137,0,101,8226
Negativibacillus,0,10772,15782,104545,0,0,50362,0,0,0,0,0,0,0
Neglecta,0,0,14264,0,0,27466,119247,2044,0,0,23700,58422,4084,220938
Neobittarella,0,54,0,1953,0,0,0,0,1095,4976,0,0,0,0
Phocea,0,0,176,0,0,0,0,0,1522,0,0,516,0,0
Pseudoflavonifractor,0,0,0,315,0,0,0,0,0,0,0,0,0,0
Pseudoflavonifractor,0,0,0,0,611,0,0,0,0,0,0,0,0,0
Pseudoflavonifractor,0,0,0,0,0,0,0,0,0,0,0,0,0,0
Pseudoflavonifractor,0,0,0,0,0,0,0,0,0,0,0,0,0,0
Pseudoflavonifractor,0,0,0,0,0,0,0,0,0,0,0,0,0,0
Pseudoruminococcus,0,0,31077,299066,0,0,0,0,0,0,0,0,0,0
Pygmaiobacter,0,0,0,0,0,0,0,0,0,0,0,0,0,0
Ruminococcus,0,0,0,0,38657,0,0,0,0,0,0,160087,35930,0
Ruminococcus,0,318805,793662,157964,0,0,390886,0,0,0,0,0,0,0
Ruminococcus,0,110785,470052,0,52760,66,0,0,0,4980,117247,358383,215820,1539130
Ruminococcus,0,195295,0,0,0,0,0,0,0,0,0,0,0,248528
Ruminococcus,0,0,0,0,0,0,0,0,0,0,0,0,0,0
Ruminococcus,0,0,0,0,0,0,0,0,0,0,0,0,0,269
Ruminococcus,0,0,0,0,0,0,0,0,0,0,0,0,0,0
Ruminococcus,0,0,0,0,0,0,0,0,0,0,0,0,0,0
Ruminococcus,0,0,0,0,0,0,0,0,0,0,0,0,0,0
Ruminococcus,0,0,0,0,0,5797,0,0,0,0,0,167138,0,0
Ruminococcus,0,0,0,0,0,0,0,0,0,0,0,0,0,0
Ruthenibacterium,335,46951,82859,25295,351071,331896,651417,68982,16855,3770726,1554462,49595,73783,759940
Subdoligranulum,0,0,0,0,0,0,0,0,0,0,0,0,0,0
Subdoligranulum,0,0,0,0,0,0,0,0,0,0,0,0,0,0
Subdoligranulum,0,0,0,0,0,0,0,0,0,0,0,0,0,0
Absicoccus,0,0,0,0,0,0,0,0,0,0,0,0,0,0
Allobaculum,0,0,0,0,0,0,0,0,0,0,0,0,0,0
Amedibacillus,0,0,16755,0,0,0,8032,0,0,0,0,0,0,233731
Amedibacterium,0,0,0,0,0,0,0,0,0,0,0,0,0,0
Bulleidia,0,0,0,0,0,0,92,0,0,0,0,0,0,0
Candidatus_Stoquefichus,0,0,0,0,0,0,0,0,0,0,0,0,0,0
Catenibacterium,0,385906,52,0,0,0,0,0,0,0,0,0,0,0
Coprobacillus,0,0,26580,0,0,0,253047,0,0,410,37739,0,0,29484
Coprobacillus,0,0,0,0,0,0,0,0,0,0,0,0,0,0
Dielma,0,0,10882,0,0,0,14481,0,0,0,0,727,0,0
Erysipelatoclostridium,0,0,0,0,0,0,0,0,0,0,0,0,0,0
Erysipelatoclostridium,0,137,7776,0,77146,923516,54785,663,11979,389747,199004,4059,33286,89305
Erysipelatoclostridium,0,0,7638,0,0,0,0,0,0,0,0,0,0,0
Erysipelatoclostridium,0,0,0,0,0,0,1509,0,0,0,0,0,0,0
Erysipelatoclostridium,0,339,57557,0,0,31482,79,17354,11763,114391,23112,0,0,58437
Erysipelatoclostridium,0,0,0,0,0,0,0,0,0,0,0,0,0,0
Faecalibacillus,0,0,0,0,0,0,0,0,0,0,0,0,0,0
Faecalibacillus,0,0,37477,0,157,0,43772,0,0,0,33013,16458,29198,0
Faecalicoccus,0,0,0,463,0,0,0,0,0,0,0,0,0,0
Faecalitalea,0,0,22589,33897,23619,0,0,0,0,0,0,0,2874,0
GGB3034,0,0,0,4694,5105,0,0,0,0,0,0,0,0,0
GGB31184,0,0,0,0,0,0,0,0,0,0,0,0,0,0
GGB4888,0,0,0,0,0,0,0,0,0,0,0,0,0,0
Holdemanella,0,0,0,0,0,0,0,0,0,0,0,0,0,0
Holdemania,0,0,15677,0,9108,0,13723,2992,11061,1927,0,8955,1510,0
Holdemania,0,0,0,0,0,0,0,0,0,0,0,0,81,92758
Holdemania,440,27555,0,0,0,2687,0,0,0,0,0,0,0,0
Lactimicrobium,0,0,0,0,0,0,0,0,0,0,0,0,0,0
Longibaculum,0,0,0,0,0,0,0,0,1577,0,1945,0,0,0
Longicatena,0,0,130108,0,0,6466,0,26926,15451,66678,0,0,0,35586
Massilicoli,0,0,0,0,0,0,0,2051,0,0,0,0,0,0
Massilimicrobiota,0,0,0,0,0,3716,0,0,0,70,0,0,186,0
Massilimicrobiota,0,0,0,0,0,0,0,0,0,0,0,0,0,76
Merdibacter,0,0,0,0,0,0,0,0,0,0,0,0,0,0
Solobacterium,0,0,0,0,0,0,0,0,0,0,58,0,181,0
Traorella,0,0,0,0,0,0,0,0,0,0,0,0,0,0
Turicibacter,0,0,7735,12375,0,0,1024,0,0,0,0,0,313,248768
Acidaminococcus,0,0,0,0,0,0,0,0,0,0,0,0,0,0
Acidaminococcus,0,0,0,0,0,0,0,0,0,0,0,0,128700,0
Acidaminococcus,0,0,0,0,0,0,393122,0,0,0,0,0,0,39157
Acidaminococcus,0,0,0,0,0,0,0,0,0,0,0,0,0,0
Acidaminococcus,0,0,0,0,0,0,0,0,0,0,0,0,0,0
Acidaminococcus,0,0,0,0,0,0,0,0,0,0,0,0,0,0
GGB24836,0,0,0,0,0,0,0,0,0,0,0,0,0,0
GGB4237,0,0,0,0,0,0,0,0,0,0,0,0,0,0
GGB4238,0,0,0,0,0,0,0,0,0,0,0,0,0,0
GGB4238,0,0,0,0,0,0,0,0,0,0,0,0,0,0
GGB4239,0,0,0,0,0,0,0,0,388383,0,0,0,0,0
GGB4243,0,0,0,0,0,0,0,0,0,0,0,0,0,0
GGB4249,0,0,0,0,0,0,0,0,0,0,0,0,0,0
Phascolarctobacterium,0,0,0,0,0,49070,0,0,0,193939,0,0,126981,0
Phascolarctobacterium,0,0,38542,0,0,0,0,0,0,0,0,126765,0,0
GGB4312,0,0,0,0,0,0,0,0,0,0,0,0,0,0
GGB4979,0,0,0,0,0,0,0,0,0,0,0,0,0,0
Megamonas,0,0,0,0,0,0,0,0,0,0,0,0,6001,0
Megamonas,0,0,0,0,0,0,0,0,0,0,0,0,0,0
Mitsuokella,0,0,0,0,0,0,0,0,0,0,0,0,0,0
Mitsuokella,0,0,0,0,0,0,0,0,0,0,0,0,0,0
Mitsuokella,0,0,0,0,0,0,0,0,0,0,0,0,0,0
Selenomonas,0,0,0,0,0,0,0,0,0,0,0,0,0,0
Selenomonas,0,0,0,0,0,0,0,0,0,0,0,0,0,0
Selenomonas,0,0,0,0,0,0,0,0,0,0,0,0,0,0
Selenomonas,0,0,0,0,0,0,0,0,0,0,0,0,0,0
Selenomonas,0,0,0,0,0,0,0,0,0,0,0,0,0,0
Selenomonas,0,0,0,0,0,0,0,0,0,0,0,0,0,0
Allisonella,0,0,0,9956,0,0,0,0,0,0,0,0,1310,0
Anaeroglobus,0,0,0,0,0,0,0,0,0,0,0,0,0,0
Colibacter,0,0,0,0,0,0,0,0,0,0,0,0,0,0
Dialister,0,0,0,0,0,0,0,0,0,0,0,0,0,0
Dialister,0,0,0,0,0,0,0,0,0,0,0,0,0,0
Dialister,0,0,0,0,0,0,0,0,0,0,0,0,0,0
Dialister,97920,4537,0,0,0,0,137857,0,114,0,51638,0,0,115776
Dialister,0,0,0,0,0,0,0,0,0,0,0,0,0,0
Dialister,0,0,0,0,0,0,0,0,0,0,0,0,0,0
GGB4261,0,0,0,0,0,0,0,0,0,0,0,0,0,0
GGB4262,0,0,0,0,0,0,0,0,0,0,0,0,0,0
GGB4263,0,0,0,0,0,0,0,0,0,0,0,0,0,0
GGB4266,0,0,0,0,0,0,0,0,0,0,0,0,0,0
GGB4277,0,0,0,0,0,0,0,0,0,0,0,0,0,0
GGB4285,0,0,0,0,0,0,0,0,0,0,0,0,0,0
Megasphaera,0,0,0,0,0,0,0,0,0,0,0,0,0,0
Megasphaera,0,0,0,0,0,0,0,0,0,0,0,0,0,0
Megasphaera,0,0,0,0,0,0,0,0,0,0,0,0,0,0
Megasphaera,0,0,0,0,0,0,0,0,0,0,0,0,0,0
Megasphaera,0,0,0,0,0,0,0,0,0,0,0,0,0,0
Megasphaera,0,0,0,0,0,0,0,0,0,0,0,0,0,0
Megasphaera,0,0,0,0,0,0,0,0,0,0,0,0,0,0
Megasphaera,0,0,0,0,0,0,0,0,0,0,0,0,0,0
Megasphaera,0,0,0,0,0,0,0,0,0,0,0,0,0,0
Veillonella,349870,0,0,1190,0,0,0,3197,0,0,0,0,0,0
Veillonella,0,0,0,0,0,0,0,0,0,0,0,0,0,0
Veillonella,5935,216,0,6516,0,0,0,6517,0,0,0,0,0,0
Veillonella,0,0,0,0,0,0,0,0,0,0,0,0,0,0
Veillonella,1170,0,2268,0,0,0,0,0,0,0,0,0,0,0
Veillonella,0,0,0,0,0,0,0,0,0,0,0,0,0,0
Veillonella,0,0,0,0,0,0,0,0,0,0,0,0,0,0
Veillonella,0,0,0,0,0,0,0,0,0,0,0,0,0,0
Veillonella,0,0,0,0,0,0,0,0,0,0,0,0,0,0
Anaerococcus,0,0,0,0,0,0,0,0,0,0,0,0,0,0
Anaerococcus,0,0,0,0,0,0,0,0,0,0,0,0,0,0
Finegoldia,0,0,0,0,0,0,0,0,0,0,0,0,0,0
Parvimonas,0,0,0,0,0,0,0,0,0,0,0,0,0,0
Peptoniphilus,0,0,0,0,0,0,0,0,0,0,0,0,0,0
Peptoniphilus,0,0,0,0,0,0,0,0,0,0,0,0,0,0
Peptoniphilus,0,0,0,0,0,0,0,0,0,0,0,0,0,0
Peptoniphilus,0,0,0,0,0,0,0,0,0,0,0,0,0,0
Peptoniphilus,0,0,0,0,0,0,0,0,0,0,0,0,0,0
Peptoniphilus,0,0,0,0,0,0,67,0,0,0,0,0,0,0
Urmitella,0,0,0,0,0,0,0,0,0,0,0,0,0,0
Ezakiella,0,0,0,0,0,0,0,0,0,0,0,0,0,0
Ezakiella,0,0,0,0,0,0,0,0,0,0,0,0,0,0
Fusobacterium,0,0,0,0,0,0,0,0,0,0,0,0,0,0
Fusobacterium,0,0,0,0,0,0,0,0,0,0,0,0,0,0
Fusobacterium,0,0,0,0,0,0,0,0,0,0,0,0,0,0
Fusobacterium,0,0,0,0,0,0,0,0,0,0,0,0,0,0
Fusobacterium,0,0,0,0,0,0,0,0,0,0,0,0,0,0
Fusobacterium,0,0,0,0,0,0,0,0,0,0,0,0,0,0
Fusobacterium,0,0,0,0,0,0,0,0,0,0,0,0,0,0
Leptotrichia,0,0,0,0,0,0,0,0,0,0,0,0,0,0
GGB6521,0,0,0,0,0,0,0,0,0,0,0,0,0,0
GGB6522,0,0,0,0,0,0,0,0,0,0,0,0,0,0
GGB6511,0,0,0,0,0,0,0,0,0,0,0,0,0,0
Victivallis,0,0,0,0,0,0,0,0,0,0,0,0,0,0
GGB6565,0,0,0,0,0,0,0,0,0,0,0,0,0,0
GGB6566,0,0,0,0,0,0,0,0,0,0,0,0,0,0
GGB6567,0,0,227,0,0,0,0,0,0,0,0,0,0,0
GGB6567,0,0,0,0,0,0,0,0,0,0,0,0,0,0
GGB6568,0,0,0,0,0,0,0,0,0,0,0,0,0,0
GGB6601,0,0,0,0,0,0,71737,0,0,0,0,0,1856,0
GGB6582,0,0,0,0,0,0,0,0,0,0,0,0,0,0
GGB6606,0,0,0,0,0,0,0,0,0,0,0,0,0,0
GGB6608,0,0,0,0,0,0,0,0,0,0,0,0,9016,0
GGB6612,0,0,0,0,0,0,0,0,0,0,0,1498,0,0
GGB6613,0,0,0,0,0,0,0,0,0,0,0,0,0,0
GGB38171,0,0,0,0,6811,0,0,0,0,0,0,0,0,0
GGB39644,0,0,0,0,0,0,0,0,0,0,0,0,0,0
Achromobacter,0,0,0,0,0,0,0,0,0,0,0,0,0,0
Lautropia,0,0,0,0,0,0,0,0,0,0,0,0,0,0
Comamonas,0,0,0,0,0,0,0,0,0,0,0,0,0,0
GGB6648,0,0,0,0,0,0,0,0,0,0,0,0,0,0
GGB6649,0,0,10412,0,1000,0,0,0,0,0,0,1881,0,0
Oxalobacter,0,0,0,0,0,0,0,0,0,0,0,0,0,0
Oxalobacter,0,0,0,0,0,0,0,0,0,0,0,0,0,0
Duodenibacillus,0,0,0,0,0,0,0,0,0,0,0,0,0,0
GGB6574,0,0,0,0,0,0,0,0,0,0,0,0,0,0
GGB6580,0,0,0,96253,0,0,0,0,0,0,0,0,0,0
Mesosutterella,0,0,0,0,0,0,0,0,0,0,0,0,0,0
Parasutterella,0,0,0,0,0,0,0,0,0,0,0,0,0,5940
Parasutterella,0,0,32818,0,0,0,28494,117027,86636,5213,0,95529,919,96764
Parasutterella,0,0,0,0,0,0,0,0,0,0,0,0,0,0
Sutterella,0,0,0,0,91465,0,0,0,0,0,0,0,0,0
Sutterella,0,0,0,0,0,0,0,0,0,0,0,0,0,0
Sutterella,0,0,0,0,0,0,0,0,0,0,0,0,0,0
Sutterella,0,0,0,0,0,0,0,0,0,0,0,0,0,0
Sutterella,0,0,0,0,0,0,0,0,0,0,0,0,0,0
Sutterella,0,0,0,0,7542,0,0,0,0,0,0,0,29490,0
Turicimonas,0,0,0,0,0,0,0,0,0,0,0,0,0,0
Eikenella,0,0,0,0,0,0,0,0,0,0,0,0,0,0
Neisseria,0,0,0,0,0,0,0,0,0,0,0,0,0,0
Neisseria,0,0,0,0,0,0,0,0,0,0,0,0,0,0
GGB2732,0,0,0,0,0,0,0,0,0,0,0,0,0,0
GGB2734,0,0,0,0,0,0,0,0,0,0,0,0,0,0
GGB2734,0,0,0,0,0,0,0,0,0,0,0,0,0,0
GGB6038,0,0,0,0,0,0,0,0,0,0,0,0,0,0
GGB6544,0,0,0,0,0,0,0,0,0,0,0,0,0,0
GGB6544,0,0,0,0,0,0,0,0,0,0,0,0,0,0
GGB6546,0,0,0,0,0,0,0,0,0,0,0,0,0,0
GGB6547,0,0,59732,0,56053,0,0,0,0,0,0,0,0,0
GGB6550,0,0,0,0,0,0,0,0,0,0,0,0,0,0
GGB6554,0,0,0,0,0,0,0,0,0,0,0,0,0,0
GGB6561,0,0,0,0,0,0,0,0,0,0,0,0,0,0
GGB52382,0,0,0,0,0,0,0,0,0,0,0,0,0,0
GGB30823,0,0,0,0,0,0,0,0,0,0,0,0,0,0
GGB48144,0,0,0,0,0,0,0,0,0,0,0,0,0,0
Bilophila,0,0,0,0,0,0,0,0,0,0,0,0,0,0
Bilophila,0,0,0,0,0,0,0,0,0,0,0,0,0,0
Bilophila,0,142924,78162,0,183142,17674,242516,0,274304,73021,0,296412,242696,0
Desulfovibrio,0,0,0,0,0,0,0,0,0,0,0,0,0,0
Desulfovibrio,10986,0,0,0,0,0,0,0,0,0,0,0,0,0
Desulfovibrio,0,0,0,0,0,0,0,0,0,0,0,0,0,0
Desulfovibrio,0,0,0,0,0,0,0,0,0,0,0,0,0,0
Desulfovibrio,0,0,239186,0,128939,0,0,0,0,0,0,0,115910,0
Desulfovibrio,0,0,0,0,0,0,0,0,0,0,0,0,0,0
Desulfovibrio,0,0,0,0,0,0,0,0,0,0,0,0,0,0
Desulfovibrio,0,0,0,0,0,0,0,0,0,0,0,0,0,0
Desulfovibrio,0,0,0,0,0,0,0,0,0,0,0,0,0,0
Desulfovibrio,0,0,0,0,0,0,0,0,0,0,0,0,0,0
GGB28319,0,0,0,0,0,0,0,0,0,0,0,0,0,0
GGB9815,0,0,0,0,0,0,0,0,0,0,0,0,0,0
GGB9818,0,0,0,0,0,0,0,0,0,0,0,4049,23347,0
Mailhella,0,0,0,0,0,0,0,0,0,0,0,0,0,0
Arcobacter,0,0,0,0,0,0,0,0,0,0,0,0,0,0
Campylobacter,0,0,0,0,0,0,0,0,0,0,0,0,0,0
Campylobacter,0,0,0,0,0,0,0,0,0,0,0,0,0,0
Campylobacter,0,0,0,0,0,0,0,0,0,0,0,0,0,0
Campylobacter,0,0,0,0,0,0,0,0,0,0,0,0,0,0
Campylobacter,0,0,0,0,0,0,0,0,0,0,0,0,0,0
Campylobacter,0,0,0,0,0,0,0,0,0,0,0,0,0,0
Campylobacter,0,0,0,0,0,0,0,0,0,0,0,0,0,0
Campylobacter,0,0,0,0,0,0,0,0,0,0,0,0,0,0
Campylobacter,0,0,0,0,0,0,0,0,0,0,0,0,0,0
Helicobacter,0,0,0,0,0,0,0,0,0,0,0,0,0,0
Helicobacter,0,0,0,0,0,0,0,0,0,0,0,0,0,0
GGB41458,0,0,754,0,0,0,0,0,0,0,0,0,0,0
Succinatimonas,0,0,0,0,0,0,0,0,0,0,0,0,0,0
Cardiobacterium,0,0,0,0,0,0,0,0,0,0,0,0,0,0
Atlantibacter,0,0,0,0,0,0,0,0,0,0,0,0,0,0
Citrobacter,0,0,0,0,0,0,0,0,0,0,0,0,0,0
Citrobacter,0,0,0,0,0,0,0,0,0,0,0,0,0,0
Citrobacter,0,0,0,0,0,0,0,0,0,0,0,0,0,0
Citrobacter,0,0,0,0,0,0,0,0,0,0,0,0,0,0
Citrobacter,0,0,0,0,0,0,0,0,0,0,0,0,0,0
Enterobacter,0,0,0,0,0,0,0,0,0,0,0,0,0,0
Enterobacter,0,0,0,0,0,0,0,0,0,0,0,0,0,0
Enterobacter,0,0,0,0,0,0,0,0,0,0,0,0,0,0
Enterobacter,0,0,0,0,0,0,0,0,0,0,0,0,0,0
Enterobacter,0,0,0,0,0,0,0,0,0,0,0,0,0,0
Escherichia,11218557,6318129,224554,488145,158083,0,533724,0,13055,398,4846421,13927,43268,0
Escherichia,0,0,0,0,0,0,0,0,0,0,0,0,0,0
Klebsiella,0,0,0,0,0,0,0,0,0,0,0,0,0,0
Klebsiella,0,0,0,0,0,0,0,0,0,0,0,0,0,0
Klebsiella,0,0,0,0,0,0,0,0,0,0,0,0,0,0
Klebsiella,0,0,0,0,0,0,0,0,0,0,0,0,0,0
Klebsiella,16611,0,0,0,0,0,0,0,0,0,0,0,0,0
Kluyvera,268116,0,0,0,0,0,0,0,0,0,0,0,0,0
Lelliottia,0,0,0,0,0,0,0,0,0,0,0,0,0,0
Phytobacter,0,0,0,0,0,0,0,0,0,0,0,0,0,0
Raoultella,0,0,0,0,0,0,0,0,0,0,0,0,0,0
Erwinia,0,0,0,0,0,0,0,0,0,0,0,0,0,0
Edwardsiella,37919,0,0,0,0,0,0,0,0,0,0,0,0,0
Hafnia,0,0,0,0,0,0,0,0,0,0,0,0,0,0
Hafnia,0,0,0,0,0,0,0,0,0,0,0,0,0,0
Morganella,0,0,0,0,0,0,0,0,0,0,0,0,0,0
Proteus,0,0,0,0,0,0,0,0,0,0,0,0,0,0
Proteus,0,0,0,0,0,0,0,0,0,0,0,0,0,0
Proteus,0,0,0,0,0,0,0,0,0,0,0,0,0,0
Proteus,0,0,0,0,0,0,0,0,0,0,0,0,0,0
Providencia,0,0,0,0,0,0,0,0,0,0,0,0,0,0
Providencia,0,0,0,0,0,0,0,0,0,0,0,0,0,0
Aggregatibacter,0,0,0,0,0,0,0,0,0,0,0,0,0,0
Aggregatibacter,0,0,0,0,0,0,0,0,0,0,0,0,0,0
Haemophilus,0,0,0,0,0,0,0,0,0,0,0,0,0,0
Haemophilus,0,0,0,0,0,0,0,0,0,0,0,0,0,0
Haemophilus,0,0,0,0,0,0,0,0,0,0,0,0,0,0
Haemophilus,0,0,0,0,0,0,0,0,0,0,0,0,0,0
Haemophilus,0,0,0,0,0,0,0,0,0,0,0,0,0,0
Acinetobacter,0,0,0,0,0,0,0,0,0,0,0,0,0,0
Pseudomonas,0,0,5797,0,0,0,0,0,0,0,0,0,0,0
Pseudomonas,0,0,0,0,0,0,0,0,0,0,0,0,0,0
Pseudomonas,0,0,0,0,0,0,0,0,0,0,0,0,0,0
Pseudomonas,0,0,0,0,0,0,0,0,0,0,0,0,0,0
Pseudomonas,0,0,0,0,0,0,0,0,0,0,0,0,0,0
Pseudomonas,0,0,0,0,0,0,0,0,0,0,0,0,0,0
Pseudomonas,0,0,0,0,0,0,0,0,0,0,0,0,0,0
Pseudomonas,0,0,0,0,0,0,0,0,0,0,0,0,0,0
Brachyspira,0,0,0,0,5215,0,0,0,0,0,0,0,0,0
Brachyspira,0,0,0,0,0,0,0,0,0,0,0,0,0,0
Cloacibacillus,0,0,1019,0,0,0,0,0,0,0,0,0,0,0
Cloacibacillus,0,0,0,0,0,0,0,0,0,0,0,0,0,0
Pyramidobacter,0,0,0,0,0,0,0,0,0,0,0,0,0,0
Synergistes,0,0,0,0,0,0,0,0,0,0,0,0,0,0
GGB6132,0,0,0,0,0,0,0,0,0,0,0,0,0,0
GGB52930,0,0,0,0,0,0,0,0,0,0,0,0,0,0
GGB6128,0,0,0,0,0,0,0,0,0,0,0,0,0,0
Akkermansia,0,0,2986941,0,533803,1129,0,0,342021,0,3215771,88649,1385512,3763285
Akkermansia,0,0,0,0,0,0,0,0,0,0,0,0,0,0
Akkermansia,1588,0,0,0,0,0,0,0,0,0,0,0,0,0
Candida,0,0,0,0,0,0,0,0,0,0,0,0,0,0
Saccharomyces,0,0,0,0,0,0,0,0,0,0,0,0,0,0
Blastocystis,0,0,0,0,0,0,0,0,0,0,0,0,0,0
Giardia,0,0,0,0,0,0,0,0,0,0,0,0,0,0
